schema,schema_id,capacity,wide,owner,gap,processes,median_ns,minimum_ns,maximum_ns,extra_bytes,layout_identity,effective_median_ns
EntityData,0,65536,0,0,0,3,450213.0,444812.0,454809.0,0,bcb3a6cfd69d90dc510468b1d8b6e34e70f2aa7dbed6cc6021dcca8245b6b558,450213.0
EntityData,0,65536,0,0,64,3,437175.0,430215.0,437983.0,3328,67680f90c6987605b76438a85837c4e0048e341323206b1967dd32bcb46027d4,437175.0
EntityData,0,65536,0,0,192,3,437082.0,436600.0,438942.0,9984,cd80c443f151b87327574f332a83bf153260b4de10bcd5811bb1061e857e8335,437082.0
EntityData,0,65536,0,1,0,3,454660.0,451923.0,454847.0,0,bcb3a6cfd69d90dc510468b1d8b6e34e70f2aa7dbed6cc6021dcca8245b6b558,454660.0
EntityData,0,65536,0,2,0,3,455683.0,450723.0,455832.0,,separate-arrays,455683.0
EntityData,0,65536,1,0,0,3,7264987.0,7129125.0,7268203.0,0,bcb3a6cfd69d90dc510468b1d8b6e34e70f2aa7dbed6cc6021dcca8245b6b558,7264987.0
EntityData,0,65536,1,0,64,3,1408558.0,1389293.0,1416324.0,3328,67680f90c6987605b76438a85837c4e0048e341323206b1967dd32bcb46027d4,1408558.0
EntityData,0,65536,1,0,192,3,1408508.0,1382714.0,1408607.0,9984,cd80c443f151b87327574f332a83bf153260b4de10bcd5811bb1061e857e8335,1408508.0
EntityData,0,65536,1,1,0,3,7267003.0,7256836.0,7268687.0,0,bcb3a6cfd69d90dc510468b1d8b6e34e70f2aa7dbed6cc6021dcca8245b6b558,7267003.0
EntityData,0,65536,1,2,0,3,6889178.0,6831127.0,6958727.0,,separate-arrays,6889178.0
EntityData,0,65600,0,0,0,3,440003.0,432218.0,440904.0,0,25ca30a97437cdd9d7a413737050d2561c3bde235fd922d7d53dfba70d996b83,440003.0
EntityData,0,65600,0,0,64,3,434052.0,433349.0,438519.0,3328,5ab1ef25bc4aa0c87e894c34bb7b597f2b9e23f98e207e2fff207b6e126014e0,434052.0
EntityData,0,65600,0,0,192,3,438348.0,437520.0,440062.0,9984,f0ceb346f04150235393fdb1be3e7da3d23024673d9c58e1351606fcb8ed79b5,438348.0
EntityData,0,65600,0,1,0,3,432365.0,429188.0,446417.0,0,25ca30a97437cdd9d7a413737050d2561c3bde235fd922d7d53dfba70d996b83,432365.0
EntityData,0,65600,1,0,0,3,1432441.0,1430246.0,1434081.0,0,25ca30a97437cdd9d7a413737050d2561c3bde235fd922d7d53dfba70d996b83,1432441.0
EntityData,0,65600,1,0,64,3,1406717.0,1402737.0,1414608.0,3328,5ab1ef25bc4aa0c87e894c34bb7b597f2b9e23f98e207e2fff207b6e126014e0,1406717.0
EntityData,0,65600,1,0,192,3,1408007.0,1407144.0,1422641.0,9984,f0ceb346f04150235393fdb1be3e7da3d23024673d9c58e1351606fcb8ed79b5,1408007.0
EntityData,0,65600,1,1,0,3,1409904.0,1405493.0,1431807.0,0,25ca30a97437cdd9d7a413737050d2561c3bde235fd922d7d53dfba70d996b83,1409904.0
EntityData,0,75008,0,0,0,3,441342.0,425916.0,454314.0,0,01c47a39851c7b9c284ee6d77c16943e1a2bd9058ebdc31e5bd779fc434fee25,441342.0
EntityData,0,75008,0,0,64,3,433796.0,432919.0,440046.0,3328,bc2c649030a04f2bb93647001e3773c6d2bd952ac54c710ca8e92f2d8d2af5a8,433796.0
EntityData,0,75008,0,0,192,3,435870.0,424343.0,437290.0,9984,6153efde23579659bfcdfcdfee76fb7ec5ff3b4182a178e6c86246d980f85b5c,435870.0
EntityData,0,75008,0,1,0,3,441279.0,432427.0,442917.0,0,01c47a39851c7b9c284ee6d77c16943e1a2bd9058ebdc31e5bd779fc434fee25,441279.0
EntityData,0,75008,1,0,0,3,1445849.0,1445207.0,1447529.0,0,01c47a39851c7b9c284ee6d77c16943e1a2bd9058ebdc31e5bd779fc434fee25,1445849.0
EntityData,0,75008,1,0,64,3,1409005.0,1383299.0,1422304.0,3328,bc2c649030a04f2bb93647001e3773c6d2bd952ac54c710ca8e92f2d8d2af5a8,1409005.0
EntityData,0,75008,1,0,192,3,1408124.0,1407909.0,1409424.0,9984,6153efde23579659bfcdfcdfee76fb7ec5ff3b4182a178e6c86246d980f85b5c,1408124.0
EntityData,0,75008,1,1,0,3,1444798.0,1442147.0,1459504.0,0,01c47a39851c7b9c284ee6d77c16943e1a2bd9058ebdc31e5bd779fc434fee25,1444798.0
EntityData,0,100032,0,0,0,3,435187.0,428446.0,437234.0,0,36dde4095b4ac1649c44744a7767196705ff15a85de86c7acaa4b17ba255290d,435187.0
EntityData,0,100032,0,0,64,3,439686.0,425369.0,440321.0,3328,2e4c5af444c31cefde0c331b1081e87f36177b6885427cbb66189b4abf7ff063,439686.0
EntityData,0,100032,0,0,192,3,431273.0,430493.0,433608.0,9984,b34053a8df6cd9da337730b3d9eecbbd16ba5a540e9d3ed8596c9af1a043739e,431273.0
EntityData,0,100032,0,1,0,3,436982.0,434621.0,440470.0,0,36dde4095b4ac1649c44744a7767196705ff15a85de86c7acaa4b17ba255290d,436982.0
EntityData,0,100032,1,0,0,3,1435646.0,1429485.0,1439626.0,0,36dde4095b4ac1649c44744a7767196705ff15a85de86c7acaa4b17ba255290d,1435646.0
EntityData,0,100032,1,0,64,3,1409917.0,1384441.0,1415857.0,3328,2e4c5af444c31cefde0c331b1081e87f36177b6885427cbb66189b4abf7ff063,1409917.0
EntityData,0,100032,1,0,192,3,1409569.0,1384857.0,1417091.0,9984,b34053a8df6cd9da337730b3d9eecbbd16ba5a540e9d3ed8596c9af1a043739e,1409569.0
EntityData,0,100032,1,1,0,3,1427388.0,1407854.0,1429266.0,0,36dde4095b4ac1649c44744a7767196705ff15a85de86c7acaa4b17ba255290d,1427388.0
EntityData,0,131072,0,0,0,3,458324.0,453509.0,458839.0,0,f1c3e3dff5800203263451b0fb571291498336b4c010846051040461e3bcb3ac,458324.0
EntityData,0,131072,0,0,64,3,436221.0,426378.0,437968.0,3328,1dda6701852a50c523b06c841bc01307dc1073be6ca9271e941e6f592c6f3ade,436221.0
EntityData,0,131072,0,0,192,3,430121.0,428472.0,438760.0,9984,14b9ffb9968bdaa0db82ce2ff5e8b06cb5d31a5f94b416318bcc018b2de3ae34,430121.0
EntityData,0,131072,0,1,0,3,455830.0,446144.0,457877.0,0,f1c3e3dff5800203263451b0fb571291498336b4c010846051040461e3bcb3ac,455830.0
EntityData,0,131072,1,0,0,3,7366541.0,7364995.0,7369898.0,0,f1c3e3dff5800203263451b0fb571291498336b4c010846051040461e3bcb3ac,7366541.0
EntityData,0,131072,1,0,64,3,1389692.0,1386241.0,1415382.0,3328,1dda6701852a50c523b06c841bc01307dc1073be6ca9271e941e6f592c6f3ade,1389692.0
EntityData,0,131072,1,0,192,3,1409136.0,1404716.0,1410907.0,9984,14b9ffb9968bdaa0db82ce2ff5e8b06cb5d31a5f94b416318bcc018b2de3ae34,1409136.0
EntityData,0,131072,1,1,0,3,7393223.0,7252175.0,7395742.0,0,f1c3e3dff5800203263451b0fb571291498336b4c010846051040461e3bcb3ac,7393223.0
SpacingDoubles,1,65536,0,0,0,3,1564490.0,1563789.0,1589726.0,0,84ef08df3d68d2c6e99ca7856f527abcf0f2a4fda49c3ebfcbfc6e7a74a95b20,1564490.0
SpacingDoubles,1,65536,0,0,64,3,1554067.0,1547627.0,1567009.0,1472,6a784259155b7cab5390e3bebb706e2d9406dbaa4c293fbed535e14f1725a896,1554067.0
SpacingDoubles,1,65536,0,0,192,3,1580268.0,1549631.0,1583447.0,4416,651e93e5e6887e0d20e82d22a7691475c12d3e2d0c1e75f9dba0d49acca3a08e,1580268.0
SpacingDoubles,1,65536,1,0,0,3,11404764.0,11353710.0,12029387.0,0,84ef08df3d68d2c6e99ca7856f527abcf0f2a4fda49c3ebfcbfc6e7a74a95b20,11404764.0
SpacingDoubles,1,65536,1,0,64,3,6204981.0,6086242.0,6212433.0,1472,6a784259155b7cab5390e3bebb706e2d9406dbaa4c293fbed535e14f1725a896,6204981.0
SpacingDoubles,1,65536,1,0,192,3,6052260.0,6052247.0,6187907.0,4416,651e93e5e6887e0d20e82d22a7691475c12d3e2d0c1e75f9dba0d49acca3a08e,6052260.0
SpacingDoubles,1,75008,0,0,0,3,1574217.0,1529640.0,1583289.0,0,6b0a82c2f05a9c661d9287e953947f6cf0566f94ad61f708418a28d05c9165fb,1574217.0
SpacingDoubles,1,75008,0,0,64,3,1549635.0,1543151.0,1578054.0,1472,1004be3af5f56123d5f56e1c1f106c42e148d09e52e3da68d4c8d9a436aa5d3e,1549635.0
SpacingDoubles,1,75008,0,0,192,3,1578607.0,1528601.0,1583692.0,4416,2683b9e0044a7bc4263486a0e906f67cb0288607fc269d1ec7e3203ad11dba2e,1578607.0
SpacingDoubles,1,75008,1,0,0,3,6264606.0,6257377.0,6269645.0,0,6b0a82c2f05a9c661d9287e953947f6cf0566f94ad61f708418a28d05c9165fb,6264606.0
SpacingDoubles,1,75008,1,0,64,3,6081165.0,6048503.0,6194207.0,1472,1004be3af5f56123d5f56e1c1f106c42e148d09e52e3da68d4c8d9a436aa5d3e,6081165.0
SpacingDoubles,1,75008,1,0,192,3,6182868.0,6180178.0,6184980.0,4416,2683b9e0044a7bc4263486a0e906f67cb0288607fc269d1ec7e3203ad11dba2e,6182868.0
SpacingDoubles,1,131072,0,0,0,3,1598528.0,1591560.0,2730271.0,0,e7e9c7a70ea87fa46966e3ea2d5a377aef59ded056c2d1680f9e7b1789b85f83,1598528.0
SpacingDoubles,1,131072,0,0,64,3,1581157.0,1549498.0,2456726.0,1472,1569ab2d3b48146c369d079a5bff2da4b14c5fa58a23982090fcfbac61cdd136,1581157.0
SpacingDoubles,1,131072,0,0,192,3,1575852.0,1552513.0,1582676.0,4416,b17213b9a0ed544c9182353ab0bf2efe81ddc9a649b51b66324b83a7cbba9d76,1575852.0
SpacingDoubles,1,131072,1,0,0,3,11400780.0,11355891.0,11402027.0,0,e7e9c7a70ea87fa46966e3ea2d5a377aef59ded056c2d1680f9e7b1789b85f83,11400780.0
SpacingDoubles,1,131072,1,0,64,3,6084792.0,6077046.0,6200347.0,1472,1569ab2d3b48146c369d079a5bff2da4b14c5fa58a23982090fcfbac61cdd136,6084792.0
SpacingDoubles,1,131072,1,0,192,3,6187212.0,6177914.0,7266308.0,4416,b17213b9a0ed544c9182353ab0bf2efe81ddc9a649b51b66324b83a7cbba9d76,6187212.0
SpacingMixedWidths,2,65536,0,0,0,3,2869550.0,2789055.0,2878890.0,0,823fc9c67bc9802bfa9bf7ac0e3e495da693525001742f7590fe9e8b37f3d502,2869550.0
SpacingMixedWidths,2,65536,0,0,64,3,2819244.0,2818799.0,2885579.0,2624,f15f240ae3f5dad2e8c609539477d3440b580229ec9847a27f83b285d1f47522,2819244.0
SpacingMixedWidths,2,65536,0,0,192,3,2839198.0,2814904.0,2866982.0,7872,bc058495a7bec66734ee3446e056ecffdec75def6fec55e66c1890491df2e6b0,2839198.0
SpacingMixedWidths,2,65536,1,0,0,3,19546045.0,19529097.0,19547723.0,0,823fc9c67bc9802bfa9bf7ac0e3e495da693525001742f7590fe9e8b37f3d502,19546045.0
SpacingMixedWidths,2,65536,1,0,64,3,19062238.0,18718050.0,19079247.0,2624,f15f240ae3f5dad2e8c609539477d3440b580229ec9847a27f83b285d1f47522,19062238.0
SpacingMixedWidths,2,65536,1,0,192,3,19055272.0,19049896.0,19123941.0,7872,bc058495a7bec66734ee3446e056ecffdec75def6fec55e66c1890491df2e6b0,19055272.0
SpacingMixedWidths,2,75008,0,0,0,3,2857410.0,2832737.0,2869794.0,0,08d0c4171860c9ab0b31f49d80c8db6778a09e5530670d44739d8d64041a3ba9,2857410.0
SpacingMixedWidths,2,75008,0,0,64,3,2873010.0,2776343.0,2875473.0,2624,05dd539351809feeff659f1528354aa929f17975b0bbe540f8207e118a795b03,2873010.0
SpacingMixedWidths,2,75008,0,0,192,3,2871693.0,2860360.0,2880487.0,7872,d27bcf064d3259430b9c898e10c1706e1061b1e2d83ce3b828bac4ed72e97563,2871693.0
SpacingMixedWidths,2,75008,1,0,0,3,19089131.0,19085641.0,19096291.0,0,08d0c4171860c9ab0b31f49d80c8db6778a09e5530670d44739d8d64041a3ba9,19089131.0
SpacingMixedWidths,2,75008,1,0,64,3,19070813.0,18728625.0,19112727.0,2624,05dd539351809feeff659f1528354aa929f17975b0bbe540f8207e118a795b03,19070813.0
SpacingMixedWidths,2,75008,1,0,192,3,19098248.0,18741569.0,19134722.0,7872,d27bcf064d3259430b9c898e10c1706e1061b1e2d83ce3b828bac4ed72e97563,19098248.0
SpacingMixedWidths,2,131072,0,0,0,3,2863597.0,2823150.0,2885294.0,0,ebfe0a453dfbe601c633cbb71f1134e98ae00494a7a79bb3cb7901969cf600ce,2863597.0
SpacingMixedWidths,2,131072,0,0,64,3,2864618.0,2864000.0,2865950.0,2624,e2f251cca1b44ec0fb84704536321919fef894fe7885d34a8154e0c5eeaa6353,2864618.0
SpacingMixedWidths,2,131072,0,0,192,3,2864974.0,2828385.0,2866845.0,7872,33ff3b7b3dce6c63644c060e613be345b998af756ff567a0592129b683d7a115,2864974.0
SpacingMixedWidths,2,131072,1,0,0,3,19320748.0,19149998.0,19680692.0,0,ebfe0a453dfbe601c633cbb71f1134e98ae00494a7a79bb3cb7901969cf600ce,19320748.0
SpacingMixedWidths,2,131072,1,0,64,3,19080654.0,18685563.0,19100029.0,2624,e2f251cca1b44ec0fb84704536321919fef894fe7885d34a8154e0c5eeaa6353,19080654.0
SpacingMixedWidths,2,131072,1,0,192,3,19103003.0,19034754.0,19126100.0,7872,33ff3b7b3dce6c63644c060e613be345b998af756ff567a0592129b683d7a115,19103003.0
SpacingAligned,3,65536,0,0,0,3,2052277.0,1931283.0,2058420.0,0,338c71335dd48adf8238e47637756c26155e914fb6a986154db9c4ca1fa411c3,2052277.0
SpacingAligned,3,65536,0,0,64,3,1879576.0,1832207.0,1944523.0,1280,1bf4cb7877d15faad8cf81231a3b2b57257d083cebe8404e5d61c398eaded44a,1879576.0
SpacingAligned,3,65536,0,0,192,3,1935220.0,1897983.0,1944700.0,2816,0a99ec47e2daa1a3900cf8199331623ddfcce64a5ef985d6ed513e4b4c2da9b0,1935220.0
SpacingAligned,3,65536,1,0,0,3,5679420.0,5568043.0,6446823.0,0,338c71335dd48adf8238e47637756c26155e914fb6a986154db9c4ca1fa411c3,5679420.0
SpacingAligned,3,65536,1,0,64,3,5687456.0,5592094.0,5744842.0,1280,1bf4cb7877d15faad8cf81231a3b2b57257d083cebe8404e5d61c398eaded44a,5687456.0
SpacingAligned,3,65536,1,0,192,3,5710637.0,5593076.0,5945521.0,2816,0a99ec47e2daa1a3900cf8199331623ddfcce64a5ef985d6ed513e4b4c2da9b0,5710637.0
SpacingAligned,3,75008,0,0,0,3,1928922.0,1895665.0,2087498.0,0,866dedef4a8dfe2ed904bd3317c79496da8a29b4c9f81ca92e78c95dd73b8622,1928922.0
SpacingAligned,3,75008,0,0,64,3,1926701.0,1920483.0,2099880.0,1280,3db1ebee56aeb8d7ed0a4a13d289bc3f5ceed6c1824c0655dbf6000822bced39,1926701.0
SpacingAligned,3,75008,0,0,192,3,1957777.0,1923969.0,2089644.0,2816,545f9e8359bc0a079c02df71d5feff2d453b610a6eec87ea3c3c6611c145cfaf,1957777.0
SpacingAligned,3,75008,1,0,0,3,5714071.0,5600836.0,6115409.0,0,866dedef4a8dfe2ed904bd3317c79496da8a29b4c9f81ca92e78c95dd73b8622,5714071.0
SpacingAligned,3,75008,1,0,64,3,5677255.0,5612568.0,5716036.0,1280,3db1ebee56aeb8d7ed0a4a13d289bc3f5ceed6c1824c0655dbf6000822bced39,5677255.0
SpacingAligned,3,75008,1,0,192,3,5675175.0,5651896.0,5685296.0,2816,545f9e8359bc0a079c02df71d5feff2d453b610a6eec87ea3c3c6611c145cfaf,5675175.0
SpacingAligned,3,131072,0,0,0,3,1930885.0,1928854.0,2085371.0,0,32372e5044f7e72d3b5235ce8728f8ec0e8916a68d79f5a9067919e4720a9fd5,1930885.0
SpacingAligned,3,131072,0,0,64,3,2677627.0,1924765.0,3239929.0,1280,a9738a9547b60d1e94396fc01e7fe231dc85fbf8b6ddf37343fb9e5b8d069d44,2677627.0
SpacingAligned,3,131072,0,0,192,3,1931191.0,1925854.0,2084692.0,2816,a087e2f07a100609091ee83ed2155be5ee9c5e1818487c8c303824fd1fa9236e,1931191.0
SpacingAligned,3,131072,1,0,0,3,5698168.0,5666457.0,6721883.0,0,32372e5044f7e72d3b5235ce8728f8ec0e8916a68d79f5a9067919e4720a9fd5,5698168.0
SpacingAligned,3,131072,1,0,64,3,5681322.0,5567917.0,6059904.0,1280,a9738a9547b60d1e94396fc01e7fe231dc85fbf8b6ddf37343fb9e5b8d069d44,5681322.0
SpacingAligned,3,131072,1,0,192,3,5992519.0,5576691.0,6057974.0,2816,a087e2f07a100609091ee83ed2155be5ee9c5e1818487c8c303824fd1fa9236e,5992519.0
