capacity,gap,owner,wide,live,schema,number,repetition,mean_ns,lower_ns,upper_ns,iterations,samples,base,bytes,extra_bytes,actual_capacity,schema_name,layout_identity,layout_policy,gap_extra_bytes,cpu_group,cpu,cpu_before,cpu_after
65536,0,0,0,65535,1,1,0,1563789.0,1554448.0,1579788.0,1.0,100.0,6077379444736,12582912,0,65536,SpacingDoubles,84ef08df3d68d2c6e99ca7856f527abcf0f2a4fda49c3ebfcbfc6e7a74a95b20,sequential,0,0,2,0:2,0:2
65536,192,0,1,65535,1,2,0,6052247.0,6045540.0,6075450.0,1.0,100.0,2443568676864,12587328,4416,65536,SpacingDoubles,651e93e5e6887e0d20e82d22a7691475c12d3e2d0c1e75f9dba0d49acca3a08e,sequential,4416,0,2,0:2,0:2
131072,64,0,0,65535,1,3,0,2456726.0,2442976.0,2466586.0,1.0,100.0,3615557877760,25167296,1472,131072,SpacingDoubles,1569ab2d3b48146c369d079a5bff2da4b14c5fa58a23982090fcfbac61cdd136,sequential,1472,0,2,0:2,0:2
100032,64,0,1,65535,0,4,0,1384441.0,1375300.0,1398510.0,1.0,100.0,6382858993664,19509568,3328,100032,EntityData,2e4c5af444c31cefde0c331b1081e87f36177b6885427cbb66189b4abf7ff063,sequential,3328,0,2,0:2,0:2
131072,64,0,1,65535,1,5,0,6084792.0,6071719.0,6125001.0,1.0,100.0,6151736066048,25167296,1472,131072,SpacingDoubles,1569ab2d3b48146c369d079a5bff2da4b14c5fa58a23982090fcfbac61cdd136,sequential,1472,0,2,0:2,0:2
75008,0,1,0,65535,0,6,0,432427.0,427109.0,438928.0,1.0,100.0,2290292031488,14626560,0,75008,EntityData,01c47a39851c7b9c284ee6d77c16943e1a2bd9058ebdc31e5bd779fc434fee25,generated-blocks,,0,2,0:2,0:2
65536,64,0,0,65535,1,7,0,1547627.0,1541831.0,1559251.0,1.0,100.0,4605816274944,12584384,1472,65536,SpacingDoubles,6a784259155b7cab5390e3bebb706e2d9406dbaa4c293fbed535e14f1725a896,sequential,1472,0,2,0:2,0:2
100032,64,0,0,65535,0,8,0,425369.0,421271.0,430245.0,1.0,100.0,4948339916800,19509568,3328,100032,EntityData,2e4c5af444c31cefde0c331b1081e87f36177b6885427cbb66189b4abf7ff063,sequential,3328,0,2,0:2,0:2
75008,64,0,1,65535,0,9,0,1383299.0,1372902.0,1399550.0,1.0,100.0,4671851397120,14629888,3328,75008,EntityData,bc2c649030a04f2bb93647001e3773c6d2bd952ac54c710ca8e92f2d8d2af5a8,sequential,3328,0,2,0:2,0:2
131072,192,0,1,65535,3,10,0,5992519.0,5970251.0,6035517.0,1.0,100.0,4889316950016,141560576,2816,131072,SpacingAligned,a087e2f07a100609091ee83ed2155be5ee9c5e1818487c8c303824fd1fa9236e,sequential,2816,0,2,0:2,0:2
65536,192,0,1,65535,3,11,0,5710637.0,5684804.0,5760988.0,1.0,100.0,4215275520000,70781696,2816,65536,SpacingAligned,0a99ec47e2daa1a3900cf8199331623ddfcce64a5ef985d6ed513e4b4c2da9b0,sequential,2816,0,2,0:2,0:2
75008,192,0,1,65535,2,12,0,19134722.0,19111951.0,19157337.0,1.0,100.0,5747740704768,13509312,7872,75008,SpacingMixedWidths,d27bcf064d3259430b9c898e10c1706e1061b1e2d83ce3b828bac4ed72e97563,sequential,7872,0,2,0:2,0:2
75008,192,0,0,65535,3,13,0,2089644.0,2076320.0,2107002.0,1.0,100.0,5365789884416,81011456,2816,75008,SpacingAligned,545f9e8359bc0a079c02df71d5feff2d453b610a6eec87ea3c3c6611c145cfaf,sequential,2816,0,2,0:2,0:2
75008,64,0,1,65535,3,14,0,5716036.0,5683932.0,5770956.0,1.0,100.0,5200970514432,81009920,1280,75008,SpacingAligned,3db1ebee56aeb8d7ed0a4a13d289bc3f5ceed6c1824c0655dbf6000822bced39,sequential,1280,0,2,0:2,0:2
75008,0,1,1,65535,0,15,0,1444798.0,1432058.0,1461657.0,1.0,100.0,5264825319424,14626560,0,75008,EntityData,01c47a39851c7b9c284ee6d77c16943e1a2bd9058ebdc31e5bd779fc434fee25,generated-blocks,,0,2,0:2,0:2
65536,0,0,0,65535,2,16,0,2878890.0,2864717.0,2896883.0,1.0,100.0,3816347598848,11796480,0,65536,SpacingMixedWidths,823fc9c67bc9802bfa9bf7ac0e3e495da693525001742f7590fe9e8b37f3d502,sequential,0,0,2,0:2,0:2
65536,192,0,0,65535,1,17,0,1583447.0,1570219.0,1600903.0,1.0,100.0,2952522301440,12587328,4416,65536,SpacingDoubles,651e93e5e6887e0d20e82d22a7691475c12d3e2d0c1e75f9dba0d49acca3a08e,sequential,4416,0,2,0:2,0:2
131072,0,0,0,65535,3,18,0,1930885.0,1914261.0,1955761.0,1.0,100.0,5454373584896,141557760,0,131072,SpacingAligned,32372e5044f7e72d3b5235ce8728f8ec0e8916a68d79f5a9067919e4720a9fd5,sequential,0,0,2,0:2,0:2
131072,192,0,0,65535,1,19,0,1582676.0,1570690.0,1598139.0,1.0,100.0,3297998733312,25170240,4416,131072,SpacingDoubles,b17213b9a0ed544c9182353ab0bf2efe81ddc9a649b51b66324b83a7cbba9d76,sequential,4416,0,2,0:2,0:2
131072,64,0,1,65535,2,20,0,19100029.0,19073770.0,19125689.0,1.0,100.0,4096862650368,23595584,2624,131072,SpacingMixedWidths,e2f251cca1b44ec0fb84704536321919fef894fe7885d34a8154e0c5eeaa6353,sequential,2624,0,2,0:2,0:2
65600,0,0,0,65535,0,21,0,440904.0,433091.0,451047.0,1.0,100.0,2680597184512,12792000,0,65600,EntityData,25ca30a97437cdd9d7a413737050d2561c3bde235fd922d7d53dfba70d996b83,sequential,0,0,2,0:2,0:2
65536,0,0,1,65535,3,22,0,6446823.0,6427769.0,6471606.0,1.0,100.0,5844410302464,70778880,0,65536,SpacingAligned,338c71335dd48adf8238e47637756c26155e914fb6a986154db9c4ca1fa411c3,sequential,0,0,2,0:2,0:2
131072,0,0,0,65535,1,23,0,1591560.0,1577965.0,1611544.0,1.0,100.0,5885448093696,25165824,0,131072,SpacingDoubles,e7e9c7a70ea87fa46966e3ea2d5a377aef59ded056c2d1680f9e7b1789b85f83,sequential,0,0,2,0:2,0:2
65600,64,0,0,65535,0,24,0,438519.0,431422.0,448428.0,1.0,100.0,2226135957504,12795328,3328,65600,EntityData,5ab1ef25bc4aa0c87e894c34bb7b597f2b9e23f98e207e2fff207b6e126014e0,sequential,3328,0,2,0:2,0:2
131072,64,0,0,65535,2,25,0,2864618.0,2849531.0,2882796.0,1.0,100.0,5248450756608,23595584,2624,131072,SpacingMixedWidths,e2f251cca1b44ec0fb84704536321919fef894fe7885d34a8154e0c5eeaa6353,sequential,2624,0,2,0:2,0:2
131072,0,0,1,65535,3,26,0,6721883.0,6703350.0,6741515.0,1.0,100.0,5287675166720,141557760,0,131072,SpacingAligned,32372e5044f7e72d3b5235ce8728f8ec0e8916a68d79f5a9067919e4720a9fd5,sequential,0,0,2,0:2,0:2
131072,192,0,1,65535,1,27,0,6177914.0,6159381.0,6208114.0,1.0,100.0,2763543740416,25170240,4416,131072,SpacingDoubles,b17213b9a0ed544c9182353ab0bf2efe81ddc9a649b51b66324b83a7cbba9d76,sequential,4416,0,2,0:2,0:2
65600,0,0,1,65535,0,28,0,1434081.0,1420387.0,1452391.0,1.0,100.0,3856076046336,12792000,0,65600,EntityData,25ca30a97437cdd9d7a413737050d2561c3bde235fd922d7d53dfba70d996b83,sequential,0,0,2,0:2,0:2
75008,0,0,1,65535,3,29,0,6115409.0,6086290.0,6158796.0,1.0,100.0,2488698667008,81008640,0,75008,SpacingAligned,866dedef4a8dfe2ed904bd3317c79496da8a29b4c9f81ca92e78c95dd73b8622,sequential,0,0,2,0:2,0:2
65536,192,0,1,65535,2,30,0,19055272.0,19032203.0,19076762.0,1.0,100.0,2448132079616,11804352,7872,65536,SpacingMixedWidths,bc058495a7bec66734ee3446e056ecffdec75def6fec55e66c1890491df2e6b0,sequential,7872,0,2,0:2,0:2
65600,0,1,0,65535,0,31,0,446417.0,438449.0,456386.0,1.0,100.0,3055869952000,12792000,0,65600,EntityData,25ca30a97437cdd9d7a413737050d2561c3bde235fd922d7d53dfba70d996b83,generated-blocks,,0,2,0:2,0:2
131072,0,0,0,65535,2,32,0,2885294.0,2870076.0,2905365.0,1.0,100.0,5509638455296,23592960,0,131072,SpacingMixedWidths,ebfe0a453dfbe601c633cbb71f1134e98ae00494a7a79bb3cb7901969cf600ce,sequential,0,0,2,0:2,0:2
75008,0,0,0,65535,0,33,0,441342.0,433259.0,452020.0,1.0,100.0,3237063884800,14626560,0,75008,EntityData,01c47a39851c7b9c284ee6d77c16943e1a2bd9058ebdc31e5bd779fc434fee25,sequential,0,0,2,0:2,0:2
65536,64,0,1,65535,2,34,0,19079247.0,19054545.0,19103234.0,1.0,100.0,4991826460672,11799104,2624,65536,SpacingMixedWidths,f15f240ae3f5dad2e8c609539477d3440b580229ec9847a27f83b285d1f47522,sequential,2624,0,2,0:2,0:2
65536,0,2,1,65535,0,35,0,6889178.0,6871758.0,6906989.0,1.0,100.0,0,12779520,,65536,EntityData,separate-arrays,TArray,,0,2,0:2,0:2
65536,64,0,1,65535,1,36,0,6204981.0,6182354.0,6242809.0,1.0,100.0,4477235691520,12584384,1472,65536,SpacingDoubles,6a784259155b7cab5390e3bebb706e2d9406dbaa4c293fbed535e14f1725a896,sequential,1472,0,2,0:2,0:2
75008,0,0,1,65535,0,37,0,1445207.0,1430881.0,1465151.0,1.0,100.0,5196374278144,14626560,0,75008,EntityData,01c47a39851c7b9c284ee6d77c16943e1a2bd9058ebdc31e5bd779fc434fee25,sequential,0,0,2,0:2,0:2
131072,192,0,0,65535,2,38,0,2864974.0,2850722.0,2881964.0,1.0,100.0,5717139062784,23600832,7872,131072,SpacingMixedWidths,33ff3b7b3dce6c63644c060e613be345b998af756ff567a0592129b683d7a115,sequential,7872,0,2,0:2,0:2
131072,64,0,1,65535,0,39,0,1415382.0,1402325.0,1432215.0,1.0,100.0,5311533088768,25562368,3328,131072,EntityData,1dda6701852a50c523b06c841bc01307dc1073be6ca9271e941e6f592c6f3ade,sequential,3328,0,2,0:2,0:2
65536,192,0,0,65535,3,40,0,1944700.0,1926555.0,1972557.0,1.0,100.0,3456140050432,70781696,2816,65536,SpacingAligned,0a99ec47e2daa1a3900cf8199331623ddfcce64a5ef985d6ed513e4b4c2da9b0,sequential,2816,0,2,0:2,0:2
75008,64,0,0,65535,2,41,0,2875473.0,2861418.0,2892014.0,1.0,100.0,4155113144320,13504064,2624,75008,SpacingMixedWidths,05dd539351809feeff659f1528354aa929f17975b0bbe540f8207e118a795b03,sequential,2624,0,2,0:2,0:2
100032,192,0,1,65535,0,42,0,1417091.0,1402741.0,1436055.0,1.0,100.0,6063420801024,19516224,9984,100032,EntityData,b34053a8df6cd9da337730b3d9eecbbd16ba5a540e9d3ed8596c9af1a043739e,sequential,9984,0,2,0:2,0:2
65536,0,1,0,65535,0,43,0,451923.0,445130.0,460730.0,1.0,100.0,4795063271424,12779520,0,65536,EntityData,bcb3a6cfd69d90dc510468b1d8b6e34e70f2aa7dbed6cc6021dcca8245b6b558,generated-blocks,,0,2,0:2,0:2
75008,192,0,1,65535,3,44,0,5651896.0,5627814.0,5695561.0,1.0,100.0,4382510809088,81011456,2816,75008,SpacingAligned,545f9e8359bc0a079c02df71d5feff2d453b610a6eec87ea3c3c6611c145cfaf,sequential,2816,0,2,0:2,0:2
75008,64,0,1,65535,2,45,0,19070813.0,19045155.0,19093925.0,1.0,100.0,5093026627584,13504064,2624,75008,SpacingMixedWidths,05dd539351809feeff659f1528354aa929f17975b0bbe540f8207e118a795b03,sequential,2624,0,2,0:2,0:2
131072,192,0,0,65535,3,46,0,1925854.0,1911064.0,1945251.0,1.0,100.0,3227433041920,141560576,2816,131072,SpacingAligned,a087e2f07a100609091ee83ed2155be5ee9c5e1818487c8c303824fd1fa9236e,sequential,2816,0,2,0:2,0:2
100032,0,1,1,65535,0,47,0,1429266.0,1416684.0,1445693.0,1.0,100.0,4756140130304,19506240,0,100032,EntityData,36dde4095b4ac1649c44744a7767196705ff15a85de86c7acaa4b17ba255290d,generated-blocks,,0,2,0:2,0:2
131072,0,0,1,65535,2,48,0,19680692.0,19654409.0,19708073.0,1.0,100.0,3897415106560,23592960,0,131072,SpacingMixedWidths,ebfe0a453dfbe601c633cbb71f1134e98ae00494a7a79bb3cb7901969cf600ce,sequential,0,0,2,0:2,0:2
75008,0,0,0,65535,2,49,0,2832737.0,2818915.0,2850968.0,1.0,100.0,6560563265536,13501440,0,75008,SpacingMixedWidths,08d0c4171860c9ab0b31f49d80c8db6778a09e5530670d44739d8d64041a3ba9,sequential,0,0,2,0:2,0:2
65536,0,0,0,65535,0,50,0,454809.0,447106.0,466059.0,1.0,100.0,3823595356160,12779520,0,65536,EntityData,bcb3a6cfd69d90dc510468b1d8b6e34e70f2aa7dbed6cc6021dcca8245b6b558,sequential,0,0,2,0:2,0:2
75008,0,0,1,65535,1,51,0,6269645.0,6244671.0,6322833.0,1.0,100.0,3694477901824,14401536,0,75008,SpacingDoubles,6b0a82c2f05a9c661d9287e953947f6cf0566f94ad61f708418a28d05c9165fb,sequential,0,0,2,0:2,0:2
75008,64,0,0,65535,0,52,0,433796.0,427114.0,444366.0,1.0,100.0,5489237360640,14629888,3328,75008,EntityData,bc2c649030a04f2bb93647001e3773c6d2bd952ac54c710ca8e92f2d8d2af5a8,sequential,3328,0,2,0:2,0:2
75008,192,0,0,65535,2,53,0,2871693.0,2855777.0,2893930.0,1.0,100.0,2544500408320,13509312,7872,75008,SpacingMixedWidths,d27bcf064d3259430b9c898e10c1706e1061b1e2d83ce3b828bac4ed72e97563,sequential,7872,0,2,0:2,0:2
65536,64,0,0,65535,3,54,0,1944523.0,1930163.0,1963438.0,1.0,100.0,4774426574848,70780160,1280,65536,SpacingAligned,1bf4cb7877d15faad8cf81231a3b2b57257d083cebe8404e5d61c398eaded44a,sequential,1280,0,2,0:2,0:2
65600,0,1,1,65535,0,55,0,1431807.0,1418660.0,1450331.0,1.0,100.0,3946270359552,12792000,0,65600,EntityData,25ca30a97437cdd9d7a413737050d2561c3bde235fd922d7d53dfba70d996b83,generated-blocks,,0,2,0:2,0:2
100032,0,0,1,65535,0,56,0,1439626.0,1424920.0,1459176.0,1.0,100.0,2521146523648,19506240,0,100032,EntityData,36dde4095b4ac1649c44744a7767196705ff15a85de86c7acaa4b17ba255290d,sequential,0,0,2,0:2,0:2
65536,64,0,1,65535,0,57,0,1408558.0,1395460.0,1425160.0,1.0,100.0,5980205809664,12782848,3328,65536,EntityData,67680f90c6987605b76438a85837c4e0048e341323206b1967dd32bcb46027d4,sequential,3328,0,2,0:2,0:2
65536,0,0,1,65535,0,58,0,7264987.0,7248738.0,7280406.0,1.0,100.0,3892851703808,12779520,0,65536,EntityData,bcb3a6cfd69d90dc510468b1d8b6e34e70f2aa7dbed6cc6021dcca8245b6b558,sequential,0,0,2,0:2,0:2
65536,64,0,0,65535,0,59,0,430215.0,424052.0,438589.0,1.0,100.0,2307740336128,12782848,3328,65536,EntityData,67680f90c6987605b76438a85837c4e0048e341323206b1967dd32bcb46027d4,sequential,3328,0,2,0:2,0:2
65536,192,0,0,65535,2,60,0,2839198.0,2823550.0,2858599.0,1.0,100.0,5978326761472,11804352,7872,65536,SpacingMixedWidths,bc058495a7bec66734ee3446e056ecffdec75def6fec55e66c1890491df2e6b0,sequential,7872,0,2,0:2,0:2
75008,0,0,1,65535,2,61,0,19096291.0,19070049.0,19121703.0,1.0,100.0,3969087373312,13501440,0,75008,SpacingMixedWidths,08d0c4171860c9ab0b31f49d80c8db6778a09e5530670d44739d8d64041a3ba9,sequential,0,0,2,0:2,0:2
131072,0,0,1,65535,1,62,0,11400780.0,11389027.0,11412836.0,1.0,100.0,6251325620224,25165824,0,131072,SpacingDoubles,e7e9c7a70ea87fa46966e3ea2d5a377aef59ded056c2d1680f9e7b1789b85f83,sequential,0,0,2,0:2,0:2
131072,0,1,0,65535,0,63,0,455830.0,447813.0,465947.0,1.0,100.0,4809290350592,25559040,0,131072,EntityData,f1c3e3dff5800203263451b0fb571291498336b4c010846051040461e3bcb3ac,generated-blocks,,0,2,0:2,0:2
131072,64,0,0,65535,3,64,0,3239929.0,3226650.0,3255113.0,1.0,100.0,4628934557696,141559040,1280,131072,SpacingAligned,a9738a9547b60d1e94396fc01e7fe231dc85fbf8b6ddf37343fb9e5b8d069d44,sequential,1280,0,2,0:2,0:2
75008,64,0,0,65535,1,65,0,1578054.0,1566239.0,1592996.0,1.0,100.0,2751195709440,14403008,1472,75008,SpacingDoubles,1004be3af5f56123d5f56e1c1f106c42e148d09e52e3da68d4c8d9a436aa5d3e,sequential,1472,0,2,0:2,0:2
65536,0,1,1,65535,0,66,0,7268687.0,7252266.0,7285049.0,1.0,100.0,4757482307584,12779520,0,65536,EntityData,bcb3a6cfd69d90dc510468b1d8b6e34e70f2aa7dbed6cc6021dcca8245b6b558,generated-blocks,,0,2,0:2,0:2
131072,192,0,1,65535,2,67,0,19034754.0,19007732.0,19061477.0,1.0,100.0,2327067688960,23600832,7872,131072,SpacingMixedWidths,33ff3b7b3dce6c63644c060e613be345b998af756ff567a0592129b683d7a115,sequential,7872,0,2,0:2,0:2
65536,192,0,1,65535,0,68,0,1408607.0,1394969.0,1426199.0,1.0,100.0,6217234317312,12789504,9984,65536,EntityData,cd80c443f151b87327574f332a83bf153260b4de10bcd5811bb1061e857e8335,sequential,9984,0,2,0:2,0:2
75008,0,0,0,65535,3,69,0,1928922.0,1915070.0,1947116.0,1.0,100.0,6081170374656,81008640,0,75008,SpacingAligned,866dedef4a8dfe2ed904bd3317c79496da8a29b4c9f81ca92e78c95dd73b8622,sequential,0,0,2,0:2,0:2
131072,192,0,0,65535,0,70,0,438760.0,431800.0,448813.0,1.0,100.0,3216662790144,25569024,9984,131072,EntityData,14b9ffb9968bdaa0db82ce2ff5e8b06cb5d31a5f94b416318bcc018b2de3ae34,sequential,9984,0,2,0:2,0:2
131072,0,0,0,65535,0,71,0,453509.0,446248.0,463556.0,1.0,100.0,3580392833024,25559040,0,131072,EntityData,f1c3e3dff5800203263451b0fb571291498336b4c010846051040461e3bcb3ac,sequential,0,0,2,0:2,0:2
65536,192,0,0,65535,0,72,0,438942.0,431679.0,448485.0,1.0,100.0,4272151003136,12789504,9984,65536,EntityData,cd80c443f151b87327574f332a83bf153260b4de10bcd5811bb1061e857e8335,sequential,9984,0,2,0:2,0:2
65536,0,0,1,65535,2,73,0,19529097.0,19501793.0,19555629.0,1.0,100.0,2217277587456,11796480,0,65536,SpacingMixedWidths,823fc9c67bc9802bfa9bf7ac0e3e495da693525001742f7590fe9e8b37f3d502,sequential,0,0,2,0:2,0:2
75008,64,0,1,65535,1,74,0,6194207.0,6173129.0,6235409.0,1.0,100.0,3761318330368,14403008,1472,75008,SpacingDoubles,1004be3af5f56123d5f56e1c1f106c42e148d09e52e3da68d4c8d9a436aa5d3e,sequential,1472,0,2,0:2,0:2
75008,64,0,0,65535,3,75,0,1920483.0,1905693.0,1941269.0,1.0,100.0,4159977816064,81009920,1280,75008,SpacingAligned,3db1ebee56aeb8d7ed0a4a13d289bc3f5ceed6c1824c0655dbf6000822bced39,sequential,1280,0,2,0:2,0:2
75008,192,0,1,65535,1,76,0,6182868.0,6163543.0,6213761.0,1.0,100.0,2387465666560,14405952,4416,75008,SpacingDoubles,2683b9e0044a7bc4263486a0e906f67cb0288607fc269d1ec7e3203ad11dba2e,sequential,4416,0,2,0:2,0:2
65536,0,0,0,65535,3,77,0,2052277.0,2040593.0,2067729.0,1.0,100.0,4190311022592,70778880,0,65536,SpacingAligned,338c71335dd48adf8238e47637756c26155e914fb6a986154db9c4ca1fa411c3,sequential,0,0,2,0:2,0:2
65536,0,2,0,65535,0,78,0,455683.0,447755.0,465533.0,1.0,100.0,0,12779520,,65536,EntityData,separate-arrays,TArray,,0,2,0:2,0:2
65600,192,0,0,65535,0,79,0,438348.0,431053.0,448052.0,1.0,100.0,2626104786944,12801984,9984,65600,EntityData,f0ceb346f04150235393fdb1be3e7da3d23024673d9c58e1351606fcb8ed79b5,sequential,9984,0,2,0:2,0:2
131072,64,0,1,65535,3,80,0,5681322.0,5657479.0,5722394.0,1.0,100.0,5609529278464,141559040,1280,131072,SpacingAligned,a9738a9547b60d1e94396fc01e7fe231dc85fbf8b6ddf37343fb9e5b8d069d44,sequential,1280,0,2,0:2,0:2
100032,0,1,0,65535,0,81,0,436982.0,430531.0,445218.0,1.0,100.0,6228508606464,19506240,0,100032,EntityData,36dde4095b4ac1649c44744a7767196705ff15a85de86c7acaa4b17ba255290d,generated-blocks,,0,2,0:2,0:2
131072,0,0,1,65535,0,82,0,7366541.0,7349346.0,7383227.0,1.0,100.0,6271726714880,25559040,0,131072,EntityData,f1c3e3dff5800203263451b0fb571291498336b4c010846051040461e3bcb3ac,sequential,0,0,2,0:2,0:2
65536,64,0,0,65535,2,83,0,2885579.0,2869326.0,2907661.0,1.0,100.0,4313758498816,11799104,2624,65536,SpacingMixedWidths,f15f240ae3f5dad2e8c609539477d3440b580229ec9847a27f83b285d1f47522,sequential,2624,0,2,0:2,0:2
75008,0,0,0,65535,1,84,0,1583289.0,1571241.0,1599310.0,1.0,100.0,2403571793920,14401536,0,75008,SpacingDoubles,6b0a82c2f05a9c661d9287e953947f6cf0566f94ad61f708418a28d05c9165fb,sequential,0,0,2,0:2,0:2
131072,192,0,1,65535,0,85,0,1410907.0,1396773.0,1429800.0,1.0,100.0,2710125084672,25569024,9984,131072,EntityData,14b9ffb9968bdaa0db82ce2ff5e8b06cb5d31a5f94b416318bcc018b2de3ae34,sequential,9984,0,2,0:2,0:2
65600,64,0,1,65535,0,86,0,1402737.0,1388876.0,1420509.0,1.0,100.0,6425808666624,12795328,3328,65600,EntityData,5ab1ef25bc4aa0c87e894c34bb7b597f2b9e23f98e207e2fff207b6e126014e0,sequential,3328,0,2,0:2,0:2
100032,0,0,0,65535,0,87,0,437234.0,429881.0,446739.0,1.0,100.0,4348655108096,19506240,0,100032,EntityData,36dde4095b4ac1649c44744a7767196705ff15a85de86c7acaa4b17ba255290d,sequential,0,0,2,0:2,0:2
75008,192,0,1,65535,0,88,0,1409424.0,1394933.0,1428134.0,1.0,100.0,3350880518144,14636544,9984,75008,EntityData,6153efde23579659bfcdfcdfee76fb7ec5ff3b4182a178e6c86246d980f85b5c,sequential,9984,0,2,0:2,0:2
131072,64,0,0,65535,0,89,0,437968.0,430453.0,448838.0,1.0,100.0,6354136399872,25562368,3328,131072,EntityData,1dda6701852a50c523b06c841bc01307dc1073be6ca9271e941e6f592c6f3ade,sequential,3328,0,2,0:2,0:2
75008,192,0,0,65535,0,90,0,435870.0,428711.0,445327.0,1.0,100.0,2827162943488,14636544,9984,75008,EntityData,6153efde23579659bfcdfcdfee76fb7ec5ff3b4182a178e6c86246d980f85b5c,sequential,9984,0,2,0:2,0:2
131072,0,1,1,65535,0,91,0,7395742.0,7377466.0,7413101.0,1.0,100.0,5596611543040,25559040,0,131072,EntityData,f1c3e3dff5800203263451b0fb571291498336b4c010846051040461e3bcb3ac,generated-blocks,,0,2,0:2,0:2
65600,192,0,1,65535,0,92,0,1407144.0,1393504.0,1424615.0,1.0,100.0,2702340456448,12801984,9984,65600,EntityData,f0ceb346f04150235393fdb1be3e7da3d23024673d9c58e1351606fcb8ed79b5,sequential,9984,0,2,0:2,0:2
65536,0,0,1,65535,1,93,0,11353710.0,11343535.0,11365076.0,1.0,100.0,3453422862336,12582912,0,65536,SpacingDoubles,84ef08df3d68d2c6e99ca7856f527abcf0f2a4fda49c3ebfcbfc6e7a74a95b20,sequential,0,0,2,0:2,0:2
100032,192,0,0,65535,0,94,0,433608.0,426560.0,442250.0,1.0,100.0,2632278802432,19516224,9984,100032,EntityData,b34053a8df6cd9da337730b3d9eecbbd16ba5a540e9d3ed8596c9af1a043739e,sequential,9984,0,2,0:2,0:2
65536,64,0,1,65535,3,95,0,5744842.0,5708754.0,5808622.0,1.0,100.0,5664290111488,70780160,1280,65536,SpacingAligned,1bf4cb7877d15faad8cf81231a3b2b57257d083cebe8404e5d61c398eaded44a,sequential,1280,0,2,0:2,0:2
75008,192,0,0,65535,1,96,0,1583692.0,1570890.0,1601235.0,1.0,100.0,5450314219520,14405952,4416,75008,SpacingDoubles,2683b9e0044a7bc4263486a0e906f67cb0288607fc269d1ec7e3203ad11dba2e,sequential,4416,0,2,0:2,0:2
65536,192,0,0,65535,3,97,1,1897983.0,1884255.0,1915781.0,1.0,100.0,4561288822784,70781696,2816,65536,SpacingAligned,0a99ec47e2daa1a3900cf8199331623ddfcce64a5ef985d6ed513e4b4c2da9b0,sequential,2816,0,2,0:2,0:2
131072,192,0,0,65535,1,98,1,1575852.0,1563500.0,1592465.0,1.0,100.0,6372658446336,25170240,4416,131072,SpacingDoubles,b17213b9a0ed544c9182353ab0bf2efe81ddc9a649b51b66324b83a7cbba9d76,sequential,4416,0,2,0:2,0:2
65536,64,0,0,65535,3,99,1,1879576.0,1865542.0,1896977.0,1.0,100.0,2450312396800,70780160,1280,65536,SpacingAligned,1bf4cb7877d15faad8cf81231a3b2b57257d083cebe8404e5d61c398eaded44a,sequential,1280,0,2,0:2,0:2
75008,64,0,0,65535,0,100,1,440046.0,432732.0,450809.0,1.0,100.0,5166309507072,14629888,3328,75008,EntityData,bc2c649030a04f2bb93647001e3773c6d2bd952ac54c710ca8e92f2d8d2af5a8,sequential,3328,0,2,0:2,0:2
65536,64,0,1,65535,1,101,1,6212433.0,6190070.0,6247549.0,1.0,100.0,6225824251904,12584384,1472,65536,SpacingDoubles,6a784259155b7cab5390e3bebb706e2d9406dbaa4c293fbed535e14f1725a896,sequential,1472,0,2,0:2,0:2
65536,0,1,0,65535,0,102,1,454847.0,446865.0,465891.0,1.0,100.0,5674726260736,12779520,0,65536,EntityData,bcb3a6cfd69d90dc510468b1d8b6e34e70f2aa7dbed6cc6021dcca8245b6b558,generated-blocks,,0,2,0:2,0:2
65536,192,0,0,65535,0,103,1,437082.0,430037.0,446106.0,1.0,100.0,2455916707840,12789504,9984,65536,EntityData,cd80c443f151b87327574f332a83bf153260b4de10bcd5811bb1061e857e8335,sequential,9984,0,2,0:2,0:2
75008,192,0,1,65535,2,104,1,19098248.0,19073038.0,19132236.0,1.0,100.0,2738310807552,13509312,7872,75008,SpacingMixedWidths,d27bcf064d3259430b9c898e10c1706e1061b1e2d83ce3b828bac4ed72e97563,sequential,7872,0,2,0:2,0:2
131072,0,0,1,65535,3,105,1,5666457.0,5642418.0,5711314.0,1.0,100.0,4233260695552,141557760,0,131072,SpacingAligned,32372e5044f7e72d3b5235ce8728f8ec0e8916a68d79f5a9067919e4720a9fd5,sequential,0,0,2,0:2,0:2
75008,64,0,0,65535,2,106,1,2873010.0,2857586.0,2893940.0,1.0,100.0,5434208092160,13504064,2624,75008,SpacingMixedWidths,05dd539351809feeff659f1528354aa929f17975b0bbe540f8207e118a795b03,sequential,2624,0,2,0:2,0:2
75008,64,0,1,65535,3,107,1,5677255.0,5649981.0,5730157.0,1.0,100.0,2906652672000,81009920,1280,75008,SpacingAligned,3db1ebee56aeb8d7ed0a4a13d289bc3f5ceed6c1824c0655dbf6000822bced39,sequential,1280,0,2,0:2,0:2
75008,64,0,1,65535,0,108,1,1422304.0,1407913.0,1440699.0,1.0,100.0,3788967182336,14629888,3328,75008,EntityData,bc2c649030a04f2bb93647001e3773c6d2bd952ac54c710ca8e92f2d8d2af5a8,sequential,3328,0,2,0:2,0:2
131072,192,0,0,65535,0,109,1,430121.0,424034.0,439709.0,1.0,100.0,3920232120320,25569024,9984,131072,EntityData,14b9ffb9968bdaa0db82ce2ff5e8b06cb5d31a5f94b416318bcc018b2de3ae34,sequential,9984,0,2,0:2,0:2
75008,64,0,0,65535,3,110,1,2099880.0,2087356.0,2115132.0,1.0,100.0,5654089564160,81009920,1280,75008,SpacingAligned,3db1ebee56aeb8d7ed0a4a13d289bc3f5ceed6c1824c0655dbf6000822bced39,sequential,1280,0,2,0:2,0:2
65536,0,0,1,65535,0,111,1,7268203.0,7252061.0,7284026.0,1.0,100.0,3077344788480,12779520,0,65536,EntityData,bcb3a6cfd69d90dc510468b1d8b6e34e70f2aa7dbed6cc6021dcca8245b6b558,sequential,0,0,2,0:2,0:2
131072,0,0,0,65535,2,112,1,2863597.0,2848463.0,2883304.0,1.0,100.0,5348577181696,23592960,0,131072,SpacingMixedWidths,ebfe0a453dfbe601c633cbb71f1134e98ae00494a7a79bb3cb7901969cf600ce,sequential,0,0,2,0:2,0:2
131072,192,0,1,65535,0,113,1,1404716.0,1391841.0,1420765.0,1.0,100.0,4652792479744,25569024,9984,131072,EntityData,14b9ffb9968bdaa0db82ce2ff5e8b06cb5d31a5f94b416318bcc018b2de3ae34,sequential,9984,0,2,0:2,0:2
100032,192,0,0,65535,0,114,1,431273.0,425767.0,438773.0,1.0,100.0,2616441110528,19516224,9984,100032,EntityData,b34053a8df6cd9da337730b3d9eecbbd16ba5a540e9d3ed8596c9af1a043739e,sequential,9984,0,2,0:2,0:2
65600,64,0,1,65535,0,115,1,1414608.0,1400176.0,1433960.0,1.0,100.0,3920768991232,12795328,3328,65600,EntityData,5ab1ef25bc4aa0c87e894c34bb7b597f2b9e23f98e207e2fff207b6e126014e0,sequential,3328,0,2,0:2,0:2
65536,64,0,1,65535,0,116,1,1416324.0,1403062.0,1433032.0,1.0,100.0,6095633055744,12782848,3328,65536,EntityData,67680f90c6987605b76438a85837c4e0048e341323206b1967dd32bcb46027d4,sequential,3328,0,2,0:2,0:2
100032,0,0,1,65535,0,117,1,1435646.0,1421381.0,1454173.0,1.0,100.0,5331934183424,19506240,0,100032,EntityData,36dde4095b4ac1649c44744a7767196705ff15a85de86c7acaa4b17ba255290d,sequential,0,0,2,0:2,0:2
75008,192,0,0,65535,2,118,1,2880487.0,2864870.0,2902077.0,1.0,100.0,4695473717248,13509312,7872,75008,SpacingMixedWidths,d27bcf064d3259430b9c898e10c1706e1061b1e2d83ce3b828bac4ed72e97563,sequential,7872,0,2,0:2,0:2
65600,192,0,1,65535,0,119,1,1422641.0,1406822.0,1443625.0,1.0,100.0,4581120212992,12801984,9984,65600,EntityData,f0ceb346f04150235393fdb1be3e7da3d23024673d9c58e1351606fcb8ed79b5,sequential,9984,0,2,0:2,0:2
131072,64,0,0,65535,2,120,1,2865950.0,2850007.0,2885833.0,1.0,100.0,3493956616192,23595584,2624,131072,SpacingMixedWidths,e2f251cca1b44ec0fb84704536321919fef894fe7885d34a8154e0c5eeaa6353,sequential,2624,0,2,0:2,0:2
75008,0,0,1,65535,3,121,1,5714071.0,5680834.0,5767843.0,1.0,100.0,6474428317696,81008640,0,75008,SpacingAligned,866dedef4a8dfe2ed904bd3317c79496da8a29b4c9f81ca92e78c95dd73b8622,sequential,0,0,2,0:2,0:2
131072,192,0,1,65535,2,122,1,19103003.0,19076944.0,19128132.0,1.0,100.0,4874520166400,23600832,7872,131072,SpacingMixedWidths,33ff3b7b3dce6c63644c060e613be345b998af756ff567a0592129b683d7a115,sequential,7872,0,2,0:2,0:2
100032,0,1,0,65535,0,123,1,440470.0,433145.0,449642.0,1.0,100.0,2546379456512,19506240,0,100032,EntityData,36dde4095b4ac1649c44744a7767196705ff15a85de86c7acaa4b17ba255290d,generated-blocks,,0,2,0:2,0:2
65536,192,0,0,65535,1,124,1,1580268.0,1567749.0,1597678.0,1.0,100.0,4520722235392,12587328,4416,65536,SpacingDoubles,651e93e5e6887e0d20e82d22a7691475c12d3e2d0c1e75f9dba0d49acca3a08e,sequential,4416,0,2,0:2,0:2
65536,0,2,0,65535,0,125,1,455832.0,448178.0,466333.0,1.0,100.0,0,12779520,,65536,EntityData,separate-arrays,TArray,,0,2,0:2,0:2
75008,192,0,0,65535,0,126,1,424343.0,421482.0,427316.0,1.0,100.0,4380598927360,14636544,9984,75008,EntityData,6153efde23579659bfcdfcdfee76fb7ec5ff3b4182a178e6c86246d980f85b5c,sequential,9984,0,2,0:2,0:2
65536,0,0,0,65535,1,127,1,1564490.0,1554552.0,1581582.0,1.0,100.0,3974992953344,12582912,0,65536,SpacingDoubles,84ef08df3d68d2c6e99ca7856f527abcf0f2a4fda49c3ebfcbfc6e7a74a95b20,sequential,0,0,2,0:2,0:2
65536,192,0,1,65535,1,128,1,6052260.0,6042817.0,6084458.0,1.0,100.0,5421054754816,12587328,4416,65536,SpacingDoubles,651e93e5e6887e0d20e82d22a7691475c12d3e2d0c1e75f9dba0d49acca3a08e,sequential,4416,0,2,0:2,0:2
65536,192,0,1,65535,0,129,1,1382714.0,1372902.0,1398943.0,1.0,100.0,4516427268096,12789504,9984,65536,EntityData,cd80c443f151b87327574f332a83bf153260b4de10bcd5811bb1061e857e8335,sequential,9984,0,2,0:2,0:2
100032,0,1,1,65535,0,130,1,1407854.0,1399422.0,1421157.0,1.0,100.0,2483565559808,19506240,0,100032,EntityData,36dde4095b4ac1649c44744a7767196705ff15a85de86c7acaa4b17ba255290d,generated-blocks,,0,2,0:2,0:2
75008,64,0,1,65535,2,131,1,18728625.0,18703705.0,18752881.0,1.0,100.0,4800968851456,13504064,2624,75008,SpacingMixedWidths,05dd539351809feeff659f1528354aa929f17975b0bbe540f8207e118a795b03,sequential,2624,0,2,0:2,0:2
131072,0,0,1,65535,2,132,1,19320748.0,19282930.0,19445705.0,1.0,100.0,6292127809536,23592960,0,131072,SpacingMixedWidths,ebfe0a453dfbe601c633cbb71f1134e98ae00494a7a79bb3cb7901969cf600ce,sequential,0,0,2,0:2,0:2
75008,64,0,1,65535,1,133,1,6048503.0,6040562.0,6072740.0,1.0,100.0,3145795829760,14403008,1472,75008,SpacingDoubles,1004be3af5f56123d5f56e1c1f106c42e148d09e52e3da68d4c8d9a436aa5d3e,sequential,1472,0,2,0:2,0:2
65536,192,0,1,65535,3,134,1,5945521.0,5929903.0,5985330.0,1.0,100.0,6192571088896,70781696,2816,65536,SpacingAligned,0a99ec47e2daa1a3900cf8199331623ddfcce64a5ef985d6ed513e4b4c2da9b0,sequential,2816,0,2,0:2,0:2
65536,64,0,0,65535,2,135,1,2819244.0,2811186.0,2837021.0,1.0,100.0,3838896177152,11799104,2624,65536,SpacingMixedWidths,f15f240ae3f5dad2e8c609539477d3440b580229ec9847a27f83b285d1f47522,sequential,2624,0,2,0:2,0:2
75008,64,0,0,65535,1,136,1,1549635.0,1542576.0,1562004.0,1.0,100.0,5932961169408,14403008,1472,75008,SpacingDoubles,1004be3af5f56123d5f56e1c1f106c42e148d09e52e3da68d4c8d9a436aa5d3e,sequential,1472,0,2,0:2,0:2
65536,0,0,0,65535,0,137,1,450213.0,444736.0,456828.0,1.0,100.0,5167920119808,12779520,0,65536,EntityData,bcb3a6cfd69d90dc510468b1d8b6e34e70f2aa7dbed6cc6021dcca8245b6b558,sequential,0,0,2,0:2,0:2
131072,64,0,1,65535,0,138,1,1389692.0,1379484.0,1405936.0,1.0,100.0,6252667797504,25562368,3328,131072,EntityData,1dda6701852a50c523b06c841bc01307dc1073be6ca9271e941e6f592c6f3ade,sequential,3328,0,2,0:2,0:2
65600,0,1,0,65535,0,139,1,432365.0,426231.0,440156.0,1.0,100.0,6105028296704,12792000,0,65600,EntityData,25ca30a97437cdd9d7a413737050d2561c3bde235fd922d7d53dfba70d996b83,generated-blocks,,0,2,0:2,0:2
65600,0,1,1,65535,0,140,1,1405493.0,1397220.0,1419040.0,1.0,100.0,2917625692160,12792000,0,65600,EntityData,25ca30a97437cdd9d7a413737050d2561c3bde235fd922d7d53dfba70d996b83,generated-blocks,,0,2,0:2,0:2
131072,0,1,1,65535,0,141,1,7252175.0,7249209.0,7255938.0,1.0,100.0,4442875953152,25559040,0,131072,EntityData,f1c3e3dff5800203263451b0fb571291498336b4c010846051040461e3bcb3ac,generated-blocks,,0,2,0:2,0:2
65536,192,0,0,65535,2,142,1,2814904.0,2806841.0,2828648.0,1.0,100.0,4085588361216,11804352,7872,65536,SpacingMixedWidths,bc058495a7bec66734ee3446e056ecffdec75def6fec55e66c1890491df2e6b0,sequential,7872,0,2,0:2,0:2
131072,192,0,0,65535,2,143,1,2866845.0,2851912.0,2886401.0,1.0,100.0,2403571793920,23600832,7872,131072,SpacingMixedWidths,33ff3b7b3dce6c63644c060e613be345b998af756ff567a0592129b683d7a115,sequential,7872,0,2,0:2,0:2
131072,0,0,0,65535,3,144,1,1928854.0,1914087.0,1949670.0,1.0,100.0,5072389931008,141557760,0,131072,SpacingAligned,32372e5044f7e72d3b5235ce8728f8ec0e8916a68d79f5a9067919e4720a9fd5,sequential,0,0,2,0:2,0:2
75008,192,0,1,65535,1,145,1,6184980.0,6164055.0,6223864.0,1.0,100.0,2920846917632,14405952,4416,75008,SpacingDoubles,2683b9e0044a7bc4263486a0e906f67cb0288607fc269d1ec7e3203ad11dba2e,sequential,4416,0,2,0:2,0:2
75008,192,0,1,65535,0,146,1,1407909.0,1394556.0,1425983.0,1.0,100.0,4589441712128,14636544,9984,75008,EntityData,6153efde23579659bfcdfcdfee76fb7ec5ff3b4182a178e6c86246d980f85b5c,sequential,9984,0,2,0:2,0:2
131072,0,0,1,65535,1,147,1,11355891.0,11344214.0,11366764.0,1.0,100.0,5323612684288,25165824,0,131072,SpacingDoubles,e7e9c7a70ea87fa46966e3ea2d5a377aef59ded056c2d1680f9e7b1789b85f83,sequential,0,0,2,0:2,0:2
75008,192,0,0,65535,3,148,1,1923969.0,1908900.0,1947342.0,1.0,100.0,5592617844736,81011456,2816,75008,SpacingAligned,545f9e8359bc0a079c02df71d5feff2d453b610a6eec87ea3c3c6611c145cfaf,sequential,2816,0,2,0:2,0:2
100032,0,0,0,65535,0,149,1,435187.0,428911.0,443851.0,1.0,100.0,3496909406208,19506240,0,100032,EntityData,36dde4095b4ac1649c44744a7767196705ff15a85de86c7acaa4b17ba255290d,sequential,0,0,2,0:2,0:2
131072,192,0,1,65535,1,150,1,6187212.0,6166234.0,6227416.0,1.0,100.0,3160291344384,25170240,4416,131072,SpacingDoubles,b17213b9a0ed544c9182353ab0bf2efe81ddc9a649b51b66324b83a7cbba9d76,sequential,4416,0,2,0:2,0:2
100032,192,0,1,65535,0,151,1,1409569.0,1394746.0,1429064.0,1.0,100.0,6020471128064,19516224,9984,100032,EntityData,b34053a8df6cd9da337730b3d9eecbbd16ba5a540e9d3ed8596c9af1a043739e,sequential,9984,0,2,0:2,0:2
65600,0,0,0,65535,0,152,1,440003.0,433385.0,449792.0,1.0,100.0,3890167349248,12792000,0,65600,EntityData,25ca30a97437cdd9d7a413737050d2561c3bde235fd922d7d53dfba70d996b83,sequential,0,0,2,0:2,0:2
100032,64,0,0,65535,0,153,1,439686.0,432334.0,449547.0,1.0,100.0,2982587072512,19509568,3328,100032,EntityData,2e4c5af444c31cefde0c331b1081e87f36177b6885427cbb66189b4abf7ff063,sequential,3328,0,2,0:2,0:2
65600,192,0,0,65535,0,154,1,437520.0,430521.0,447996.0,1.0,100.0,4036464672768,12801984,9984,65600,EntityData,f0ceb346f04150235393fdb1be3e7da3d23024673d9c58e1351606fcb8ed79b5,sequential,9984,0,2,0:2,0:2
65536,0,1,1,65535,0,155,1,7256836.0,7239110.0,7273971.0,1.0,100.0,2861254246400,12779520,0,65536,EntityData,bcb3a6cfd69d90dc510468b1d8b6e34e70f2aa7dbed6cc6021dcca8245b6b558,generated-blocks,,0,2,0:2,0:2
75008,0,1,1,65535,0,156,1,1459504.0,1446162.0,1477056.0,1.0,100.0,4961761689600,14626560,0,75008,EntityData,01c47a39851c7b9c284ee6d77c16943e1a2bd9058ebdc31e5bd779fc434fee25,generated-blocks,,0,2,0:2,0:2
75008,192,0,1,65535,3,157,1,5675175.0,5646047.0,5732930.0,1.0,100.0,2541580451840,81011456,2816,75008,SpacingAligned,545f9e8359bc0a079c02df71d5feff2d453b610a6eec87ea3c3c6611c145cfaf,sequential,2816,0,2,0:2,0:2
75008,0,0,1,65535,0,158,1,1445849.0,1433316.0,1461919.0,1.0,100.0,4000494321664,14626560,0,75008,EntityData,01c47a39851c7b9c284ee6d77c16943e1a2bd9058ebdc31e5bd779fc434fee25,sequential,0,0,2,0:2,0:2
65536,0,2,1,65535,0,159,1,6958727.0,6941989.0,6975810.0,1.0,100.0,0,12779520,,65536,EntityData,separate-arrays,TArray,,0,2,0:2,0:2
131072,0,1,0,65535,0,160,1,457877.0,449420.0,468928.0,1.0,100.0,2352569057280,25559040,0,131072,EntityData,f1c3e3dff5800203263451b0fb571291498336b4c010846051040461e3bcb3ac,generated-blocks,,0,2,0:2,0:2
75008,0,0,1,65535,2,161,1,19089131.0,19062466.0,19114367.0,1.0,100.0,3241895723008,13501440,0,75008,SpacingMixedWidths,08d0c4171860c9ab0b31f49d80c8db6778a09e5530670d44739d8d64041a3ba9,sequential,0,0,2,0:2,0:2
65536,0,0,1,65535,1,162,1,11404764.0,11393066.0,11414327.0,1.0,100.0,6575327215616,12582912,0,65536,SpacingDoubles,84ef08df3d68d2c6e99ca7856f527abcf0f2a4fda49c3ebfcbfc6e7a74a95b20,sequential,0,0,2,0:2,0:2
131072,64,0,0,65535,1,163,1,1581157.0,1567874.0,1598963.0,1.0,100.0,3043790356480,25167296,1472,131072,SpacingDoubles,1569ab2d3b48146c369d079a5bff2da4b14c5fa58a23982090fcfbac61cdd136,sequential,1472,0,2,0:2,0:2
131072,64,0,0,65535,3,164,1,1924765.0,1908238.0,1948482.0,1.0,100.0,3733165441024,141559040,1280,131072,SpacingAligned,a9738a9547b60d1e94396fc01e7fe231dc85fbf8b6ddf37343fb9e5b8d069d44,sequential,1280,0,2,0:2,0:2
131072,64,0,0,65535,0,165,1,436221.0,428886.0,446068.0,1.0,100.0,4725270052864,25562368,3328,131072,EntityData,1dda6701852a50c523b06c841bc01307dc1073be6ca9271e941e6f592c6f3ade,sequential,3328,0,2,0:2,0:2
131072,0,0,1,65535,0,166,1,7369898.0,7353720.0,7385897.0,1.0,100.0,2997082587136,25559040,0,131072,EntityData,f1c3e3dff5800203263451b0fb571291498336b4c010846051040461e3bcb3ac,sequential,0,0,2,0:2,0:2
100032,64,0,1,65535,0,167,1,1415857.0,1400559.0,1434628.0,1.0,100.0,3078955401216,19509568,3328,100032,EntityData,2e4c5af444c31cefde0c331b1081e87f36177b6885427cbb66189b4abf7ff063,sequential,3328,0,2,0:2,0:2
131072,0,0,0,65535,0,168,1,458839.0,451588.0,468878.0,1.0,100.0,4998000476160,25559040,0,131072,EntityData,f1c3e3dff5800203263451b0fb571291498336b4c010846051040461e3bcb3ac,sequential,0,0,2,0:2,0:2
65600,64,0,0,65535,0,169,1,433349.0,427443.0,441267.0,1.0,100.0,3639448633344,12795328,3328,65600,EntityData,5ab1ef25bc4aa0c87e894c34bb7b597f2b9e23f98e207e2fff207b6e126014e0,sequential,3328,0,2,0:2,0:2
65536,64,0,1,65535,3,170,1,5687456.0,5658525.0,5743793.0,1.0,100.0,6256727162880,70780160,1280,65536,SpacingAligned,1bf4cb7877d15faad8cf81231a3b2b57257d083cebe8404e5d61c398eaded44a,sequential,1280,0,2,0:2,0:2
75008,0,0,0,65535,2,171,1,2857410.0,2842867.0,2874220.0,1.0,100.0,5716065320960,13501440,0,75008,SpacingMixedWidths,08d0c4171860c9ab0b31f49d80c8db6778a09e5530670d44739d8d64041a3ba9,sequential,0,0,2,0:2,0:2
65600,0,0,1,65535,0,172,1,1430246.0,1417481.0,1447821.0,1.0,100.0,3786282827776,12792000,0,65600,EntityData,25ca30a97437cdd9d7a413737050d2561c3bde235fd922d7d53dfba70d996b83,sequential,0,0,2,0:2,0:2
131072,192,0,0,65535,3,173,1,1931191.0,1916638.0,1949544.0,1.0,100.0,6006276882432,141560576,2816,131072,SpacingAligned,a087e2f07a100609091ee83ed2155be5ee9c5e1818487c8c303824fd1fa9236e,sequential,2816,0,2,0:2,0:2
131072,64,0,1,65535,1,174,1,6200347.0,6177362.0,6250414.0,1.0,100.0,5561983369216,25167296,1472,131072,SpacingDoubles,1569ab2d3b48146c369d079a5bff2da4b14c5fa58a23982090fcfbac61cdd136,sequential,1472,0,2,0:2,0:2
65536,0,0,0,65535,2,175,1,2869550.0,2854629.0,2888019.0,1.0,100.0,4035659366400,11796480,0,65536,SpacingMixedWidths,823fc9c67bc9802bfa9bf7ac0e3e495da693525001742f7590fe9e8b37f3d502,sequential,0,0,2,0:2,0:2
65536,64,0,1,65535,2,176,1,19062238.0,19038011.0,19085505.0,1.0,100.0,2621004513280,11799104,2624,65536,SpacingMixedWidths,f15f240ae3f5dad2e8c609539477d3440b580229ec9847a27f83b285d1f47522,sequential,2624,0,2,0:2,0:2
131072,64,0,1,65535,3,177,1,6059904.0,6040451.0,6085724.0,1.0,100.0,3420438134784,141559040,1280,131072,SpacingAligned,a9738a9547b60d1e94396fc01e7fe231dc85fbf8b6ddf37343fb9e5b8d069d44,sequential,1280,0,2,0:2,0:2
131072,192,0,1,65535,3,178,1,6057974.0,6034921.0,6094557.0,1.0,100.0,4656583409664,141560576,2816,131072,SpacingAligned,a087e2f07a100609091ee83ed2155be5ee9c5e1818487c8c303824fd1fa9236e,sequential,2816,0,2,0:2,0:2
75008,0,1,0,65535,0,179,1,442917.0,436466.0,451225.0,1.0,100.0,2701803585536,14626560,0,75008,EntityData,01c47a39851c7b9c284ee6d77c16943e1a2bd9058ebdc31e5bd779fc434fee25,generated-blocks,,0,2,0:2,0:2
75008,0,0,0,65535,1,180,1,1574217.0,1562357.0,1591876.0,1.0,100.0,2459406368768,14401536,0,75008,SpacingDoubles,6b0a82c2f05a9c661d9287e953947f6cf0566f94ad61f708418a28d05c9165fb,sequential,0,0,2,0:2,0:2
75008,192,0,0,65535,1,181,1,1578607.0,1566739.0,1593919.0,1.0,100.0,3334505955328,14405952,4416,75008,SpacingDoubles,2683b9e0044a7bc4263486a0e906f67cb0288607fc269d1ec7e3203ad11dba2e,sequential,4416,0,2,0:2,0:2
65536,0,0,1,65535,2,182,1,19547723.0,19522284.0,19573530.0,1.0,100.0,5484673957888,11796480,0,65536,SpacingMixedWidths,823fc9c67bc9802bfa9bf7ac0e3e495da693525001742f7590fe9e8b37f3d502,sequential,0,0,2,0:2,0:2
131072,64,0,1,65535,2,183,1,19080654.0,19052799.0,19128293.0,1.0,100.0,3692867289088,23595584,2624,131072,SpacingMixedWidths,e2f251cca1b44ec0fb84704536321919fef894fe7885d34a8154e0c5eeaa6353,sequential,2624,0,2,0:2,0:2
65536,192,0,1,65535,2,184,1,19049896.0,19023402.0,19076971.0,1.0,100.0,5875515981824,11804352,7872,65536,SpacingMixedWidths,bc058495a7bec66734ee3446e056ecffdec75def6fec55e66c1890491df2e6b0,sequential,7872,0,2,0:2,0:2
131072,0,0,0,65535,1,185,1,1598528.0,1583281.0,1619000.0,1.0,100.0,6189317029888,25165824,0,131072,SpacingDoubles,e7e9c7a70ea87fa46966e3ea2d5a377aef59ded056c2d1680f9e7b1789b85f83,sequential,0,0,2,0:2,0:2
75008,0,0,1,65535,1,186,1,6257377.0,6233424.0,6303504.0,1.0,100.0,3784403779584,14401536,0,75008,SpacingDoubles,6b0a82c2f05a9c661d9287e953947f6cf0566f94ad61f708418a28d05c9165fb,sequential,0,0,2,0:2,0:2
65536,64,0,0,65535,0,187,1,437175.0,430403.0,446092.0,1.0,100.0,4660577107968,12782848,3328,65536,EntityData,67680f90c6987605b76438a85837c4e0048e341323206b1967dd32bcb46027d4,sequential,3328,0,2,0:2,0:2
75008,0,0,0,65535,3,188,1,2087498.0,2075363.0,2102191.0,1.0,100.0,4307885752320,81008640,0,75008,SpacingAligned,866dedef4a8dfe2ed904bd3317c79496da8a29b4c9f81ca92e78c95dd73b8622,sequential,0,0,2,0:2,0:2
65536,0,0,0,65535,3,189,1,2058420.0,2046147.0,2074086.0,1.0,100.0,4904886206464,70778880,0,65536,SpacingAligned,338c71335dd48adf8238e47637756c26155e914fb6a986154db9c4ca1fa411c3,sequential,0,0,2,0:2,0:2
65536,64,0,0,65535,1,190,1,1567009.0,1555096.0,1582380.0,1.0,100.0,4045591478272,12584384,1472,65536,SpacingDoubles,6a784259155b7cab5390e3bebb706e2d9406dbaa4c293fbed535e14f1725a896,sequential,1472,0,2,0:2,0:2
75008,0,0,0,65535,0,191,1,454314.0,445024.0,469803.0,1.0,100.0,6355210141696,14626560,0,75008,EntityData,01c47a39851c7b9c284ee6d77c16943e1a2bd9058ebdc31e5bd779fc434fee25,sequential,0,0,2,0:2,0:2
65536,0,0,1,65535,3,192,1,5679420.0,5654274.0,5726979.0,1.0,100.0,2708547305472,70778880,0,65536,SpacingAligned,338c71335dd48adf8238e47637756c26155e914fb6a986154db9c4ca1fa411c3,sequential,0,0,2,0:2,0:2
65600,192,0,1,65535,0,193,2,1408007.0,1393782.0,1427609.0,1.0,100.0,3615289442304,12801984,9984,65600,EntityData,f0ceb346f04150235393fdb1be3e7da3d23024673d9c58e1351606fcb8ed79b5,sequential,9984,0,2,0:2,0:2
131072,192,0,1,65535,0,194,2,1409136.0,1394688.0,1428282.0,1.0,100.0,2323309592576,25569024,9984,131072,EntityData,14b9ffb9968bdaa0db82ce2ff5e8b06cb5d31a5f94b416318bcc018b2de3ae34,sequential,9984,0,2,0:2,0:2
75008,0,0,1,65535,2,195,2,19085641.0,19062995.0,19108846.0,1.0,100.0,3133179363328,13501440,0,75008,SpacingMixedWidths,08d0c4171860c9ab0b31f49d80c8db6778a09e5530670d44739d8d64041a3ba9,sequential,0,0,2,0:2,0:2
75008,192,0,0,65535,3,196,2,1957777.0,1940193.0,1979226.0,1.0,100.0,4961794523136,81011456,2816,75008,SpacingAligned,545f9e8359bc0a079c02df71d5feff2d453b610a6eec87ea3c3c6611c145cfaf,sequential,2816,0,2,0:2,0:2
75008,192,0,0,65535,1,197,2,1528601.0,1526556.0,1532422.0,1.0,100.0,3317862957056,14405952,4416,75008,SpacingDoubles,2683b9e0044a7bc4263486a0e906f67cb0288607fc269d1ec7e3203ad11dba2e,sequential,4416,0,2,0:2,0:2
65536,0,0,1,65535,1,198,2,12029387.0,12019342.0,12039445.0,1.0,100.0,4785131159552,12582912,0,65536,SpacingDoubles,84ef08df3d68d2c6e99ca7856f527abcf0f2a4fda49c3ebfcbfc6e7a74a95b20,sequential,0,0,2,0:2,0:2
65536,64,0,1,65535,3,199,2,5592094.0,5568797.0,5652135.0,1.0,100.0,4921260769280,70780160,1280,65536,SpacingAligned,1bf4cb7877d15faad8cf81231a3b2b57257d083cebe8404e5d61c398eaded44a,sequential,1280,0,2,0:2,0:2
65536,64,0,1,65535,0,200,2,1389293.0,1379703.0,1404207.0,1.0,100.0,4665945817088,12782848,3328,65536,EntityData,67680f90c6987605b76438a85837c4e0048e341323206b1967dd32bcb46027d4,sequential,3328,0,2,0:2,0:2
75008,64,0,1,65535,3,201,2,5612568.0,5586332.0,5664971.0,1.0,100.0,2849475919872,81009920,1280,75008,SpacingAligned,3db1ebee56aeb8d7ed0a4a13d289bc3f5ceed6c1824c0655dbf6000822bced39,sequential,1280,0,2,0:2,0:2
75008,0,0,1,65535,0,202,2,1447529.0,1440280.0,1458949.0,1.0,100.0,2667443847168,14626560,0,75008,EntityData,01c47a39851c7b9c284ee6d77c16943e1a2bd9058ebdc31e5bd779fc434fee25,sequential,0,0,2,0:2,0:2
75008,0,0,1,65535,3,203,2,5600836.0,5554175.0,5795541.0,1.0,100.0,6160090398720,81008640,0,75008,SpacingAligned,866dedef4a8dfe2ed904bd3317c79496da8a29b4c9f81ca92e78c95dd73b8622,sequential,0,0,2,0:2,0:2
65600,0,0,0,65535,0,204,2,432218.0,426664.0,438892.0,1.0,100.0,6426345537536,12792000,0,65600,EntityData,25ca30a97437cdd9d7a413737050d2561c3bde235fd922d7d53dfba70d996b83,sequential,0,0,2,0:2,0:2
131072,192,0,0,65535,1,205,2,1552513.0,1544597.0,1566367.0,1.0,100.0,3936069812224,25170240,4416,131072,SpacingDoubles,b17213b9a0ed544c9182353ab0bf2efe81ddc9a649b51b66324b83a7cbba9d76,sequential,4416,0,2,0:2,0:2
75008,0,0,0,65535,3,206,2,1895665.0,1888210.0,1908797.0,1.0,100.0,4096627048448,81008640,0,75008,SpacingAligned,866dedef4a8dfe2ed904bd3317c79496da8a29b4c9f81ca92e78c95dd73b8622,sequential,0,0,2,0:2,0:2
75008,192,0,1,65535,2,207,2,18741569.0,18717145.0,18765596.0,1.0,100.0,3586566848512,13509312,7872,75008,SpacingMixedWidths,d27bcf064d3259430b9c898e10c1706e1061b1e2d83ce3b828bac4ed72e97563,sequential,7872,0,2,0:2,0:2
65536,64,0,1,65535,2,208,2,18718050.0,18695917.0,18741861.0,1.0,100.0,6098317410304,11799104,2624,65536,SpacingMixedWidths,f15f240ae3f5dad2e8c609539477d3440b580229ec9847a27f83b285d1f47522,sequential,2624,0,2,0:2,0:2
131072,0,1,0,65535,0,209,2,446144.0,440585.0,453160.0,1.0,100.0,4835865460736,25559040,0,131072,EntityData,f1c3e3dff5800203263451b0fb571291498336b4c010846051040461e3bcb3ac,generated-blocks,,0,2,0:2,0:2
100032,0,1,0,65535,0,210,2,434621.0,430322.0,439505.0,1.0,100.0,2704487940096,19506240,0,100032,EntityData,36dde4095b4ac1649c44744a7767196705ff15a85de86c7acaa4b17ba255290d,generated-blocks,,0,2,0:2,0:2
65536,64,0,0,65535,1,211,2,1554067.0,1545422.0,1569252.0,1.0,100.0,5545340370944,12584384,1472,65536,SpacingDoubles,6a784259155b7cab5390e3bebb706e2d9406dbaa4c293fbed535e14f1725a896,sequential,1472,0,2,0:2,0:2
131072,192,0,0,65535,2,212,2,2828385.0,2820970.0,2842253.0,1.0,100.0,4738423390208,23600832,7872,131072,SpacingMixedWidths,33ff3b7b3dce6c63644c060e613be345b998af756ff567a0592129b683d7a115,sequential,7872,0,2,0:2,0:2
75008,64,0,0,65535,1,213,2,1543151.0,1536423.0,1554468.0,1.0,100.0,6391717363712,14403008,1472,75008,SpacingDoubles,1004be3af5f56123d5f56e1c1f106c42e148d09e52e3da68d4c8d9a436aa5d3e,sequential,1472,0,2,0:2,0:2
100032,192,0,1,65535,0,214,2,1384857.0,1374465.0,1401761.0,1.0,100.0,4517232574464,19516224,9984,100032,EntityData,b34053a8df6cd9da337730b3d9eecbbd16ba5a540e9d3ed8596c9af1a043739e,sequential,9984,0,2,0:2,0:2
131072,0,0,0,65535,2,215,2,2823150.0,2816075.0,2836353.0,1.0,100.0,4555081973760,23592960,0,131072,SpacingMixedWidths,ebfe0a453dfbe601c633cbb71f1134e98ae00494a7a79bb3cb7901969cf600ce,sequential,0,0,2,0:2,0:2
65600,0,1,0,65535,0,216,2,429188.0,424477.0,434990.0,1.0,100.0,4747550195712,12792000,0,65600,EntityData,25ca30a97437cdd9d7a413737050d2561c3bde235fd922d7d53dfba70d996b83,generated-blocks,,0,2,0:2,0:2
75008,64,0,0,65535,2,217,2,2776343.0,2774106.0,2780356.0,1.0,100.0,6579890618368,13504064,2624,75008,SpacingMixedWidths,05dd539351809feeff659f1528354aa929f17975b0bbe540f8207e118a795b03,sequential,2624,0,2,0:2,0:2
65536,0,0,1,65535,3,218,2,5568043.0,5551238.0,5612474.0,1.0,100.0,3452650389504,70778880,0,65536,SpacingAligned,338c71335dd48adf8238e47637756c26155e914fb6a986154db9c4ca1fa411c3,sequential,0,0,2,0:2,0:2
75008,0,0,0,65535,1,219,2,1529640.0,1527203.0,1534513.0,1.0,100.0,4860829958144,14401536,0,75008,SpacingDoubles,6b0a82c2f05a9c661d9287e953947f6cf0566f94ad61f708418a28d05c9165fb,sequential,0,0,2,0:2,0:2
65536,0,0,0,65535,0,220,2,444812.0,439242.0,451785.0,1.0,100.0,5291668865024,12779520,0,65536,EntityData,bcb3a6cfd69d90dc510468b1d8b6e34e70f2aa7dbed6cc6021dcca8245b6b558,sequential,0,0,2,0:2,0:2
100032,0,0,0,65535,0,221,2,428446.0,423758.0,434089.0,1.0,100.0,3246995996672,19506240,0,100032,EntityData,36dde4095b4ac1649c44744a7767196705ff15a85de86c7acaa4b17ba255290d,sequential,0,0,2,0:2,0:2
65536,0,0,1,65535,0,222,2,7129125.0,7125271.0,7135192.0,1.0,100.0,4158871240704,12779520,0,65536,EntityData,bcb3a6cfd69d90dc510468b1d8b6e34e70f2aa7dbed6cc6021dcca8245b6b558,sequential,0,0,2,0:2,0:2
65536,64,0,0,65535,2,223,2,2818799.0,2812100.0,2831765.0,1.0,100.0,6508755222528,11799104,2624,65536,SpacingMixedWidths,f15f240ae3f5dad2e8c609539477d3440b580229ec9847a27f83b285d1f47522,sequential,2624,0,2,0:2,0:2
65536,0,2,1,65535,0,224,2,6831127.0,6826883.0,6839431.0,1.0,100.0,0,12779520,,65536,EntityData,separate-arrays,TArray,,0,2,0:2,0:2
131072,64,0,1,65535,3,225,2,5567917.0,5553990.0,5603920.0,1.0,100.0,3730481086464,141559040,1280,131072,SpacingAligned,a9738a9547b60d1e94396fc01e7fe231dc85fbf8b6ddf37343fb9e5b8d069d44,sequential,1280,0,2,0:2,0:2
65536,64,0,1,65535,1,226,2,6086242.0,6071013.0,6133616.0,1.0,100.0,5258919739392,12584384,1472,65536,SpacingDoubles,6a784259155b7cab5390e3bebb706e2d9406dbaa4c293fbed535e14f1725a896,sequential,1472,0,2,0:2,0:2
65600,0,1,1,65535,0,227,2,1409904.0,1401554.0,1423679.0,1.0,100.0,5987185131520,12792000,0,65600,EntityData,25ca30a97437cdd9d7a413737050d2561c3bde235fd922d7d53dfba70d996b83,generated-blocks,,0,2,0:2,0:2
131072,64,0,1,65535,1,228,2,6077046.0,6064454.0,6117704.0,1.0,100.0,2441152757760,25167296,1472,131072,SpacingDoubles,1569ab2d3b48146c369d079a5bff2da4b14c5fa58a23982090fcfbac61cdd136,sequential,1472,0,2,0:2,0:2
131072,192,0,1,65535,1,229,2,7266308.0,7262257.0,7276201.0,1.0,100.0,2698850795520,25170240,4416,131072,SpacingDoubles,b17213b9a0ed544c9182353ab0bf2efe81ddc9a649b51b66324b83a7cbba9d76,sequential,4416,0,2,0:2,0:2
65600,64,0,0,65535,0,230,2,434052.0,428478.0,440477.0,1.0,100.0,3525900435456,12795328,3328,65600,EntityData,5ab1ef25bc4aa0c87e894c34bb7b597f2b9e23f98e207e2fff207b6e126014e0,sequential,3328,0,2,0:2,0:2
65536,192,0,0,65535,1,231,2,1549631.0,1542447.0,1562320.0,1.0,100.0,2314182787072,12587328,4416,65536,SpacingDoubles,651e93e5e6887e0d20e82d22a7691475c12d3e2d0c1e75f9dba0d49acca3a08e,sequential,4416,0,2,0:2,0:2
131072,64,0,0,65535,1,232,2,1549498.0,1542556.0,1561974.0,1.0,100.0,4866198667264,25167296,1472,131072,SpacingDoubles,1569ab2d3b48146c369d079a5bff2da4b14c5fa58a23982090fcfbac61cdd136,sequential,1472,0,2,0:2,0:2
65536,192,0,1,65535,3,233,2,5593076.0,5572753.0,5645420.0,1.0,100.0,3787657838592,70781696,2816,65536,SpacingAligned,0a99ec47e2daa1a3900cf8199331623ddfcce64a5ef985d6ed513e4b4c2da9b0,sequential,2816,0,2,0:2,0:2
65536,64,0,0,65535,3,234,2,1832207.0,1827124.0,1841513.0,1.0,100.0,2238516822016,70780160,1280,65536,SpacingAligned,1bf4cb7877d15faad8cf81231a3b2b57257d083cebe8404e5d61c398eaded44a,sequential,1280,0,2,0:2,0:2
131072,192,0,0,65535,0,235,2,428472.0,423679.0,434002.0,1.0,100.0,2710393520128,25569024,9984,131072,EntityData,14b9ffb9968bdaa0db82ce2ff5e8b06cb5d31a5f94b416318bcc018b2de3ae34,sequential,9984,0,2,0:2,0:2
75008,0,0,0,65535,0,236,2,425916.0,420981.0,432083.0,1.0,100.0,3600525492224,14626560,0,75008,EntityData,01c47a39851c7b9c284ee6d77c16943e1a2bd9058ebdc31e5bd779fc434fee25,sequential,0,0,2,0:2,0:2
65536,192,0,0,65535,0,237,2,436600.0,431459.0,442457.0,1.0,100.0,3671929323520,12789504,9984,65536,EntityData,cd80c443f151b87327574f332a83bf153260b4de10bcd5811bb1061e857e8335,sequential,9984,0,2,0:2,0:2
131072,64,0,0,65535,0,238,2,426378.0,421878.0,431564.0,1.0,100.0,5038265794560,25562368,3328,131072,EntityData,1dda6701852a50c523b06c841bc01307dc1073be6ca9271e941e6f592c6f3ade,sequential,3328,0,2,0:2,0:2
100032,192,0,0,65535,0,239,2,430493.0,424785.0,437262.0,1.0,100.0,2515509379072,19516224,9984,100032,EntityData,b34053a8df6cd9da337730b3d9eecbbd16ba5a540e9d3ed8596c9af1a043739e,sequential,9984,0,2,0:2,0:2
131072,192,0,1,65535,3,240,2,5576691.0,5555857.0,5629963.0,1.0,100.0,4046966489088,141560576,2816,131072,SpacingAligned,a087e2f07a100609091ee83ed2155be5ee9c5e1818487c8c303824fd1fa9236e,sequential,2816,0,2,0:2,0:2
131072,64,0,1,65535,2,241,2,18685563.0,18660262.0,18710912.0,1.0,100.0,3688840757248,23595584,2624,131072,SpacingMixedWidths,e2f251cca1b44ec0fb84704536321919fef894fe7885d34a8154e0c5eeaa6353,sequential,2624,0,2,0:2,0:2
65536,0,0,0,65535,2,242,2,2789055.0,2780998.0,2803063.0,1.0,100.0,3975798259712,11796480,0,65536,SpacingMixedWidths,823fc9c67bc9802bfa9bf7ac0e3e495da693525001742f7590fe9e8b37f3d502,sequential,0,0,2,0:2,0:2
131072,64,0,1,65535,0,243,2,1386241.0,1375549.0,1403429.0,1.0,100.0,5876052852736,25562368,3328,131072,EntityData,1dda6701852a50c523b06c841bc01307dc1073be6ca9271e941e6f592c6f3ade,sequential,3328,0,2,0:2,0:2
131072,0,0,1,65535,2,244,2,19149998.0,19126776.0,19174671.0,1.0,100.0,2241705213952,23592960,0,131072,SpacingMixedWidths,ebfe0a453dfbe601c633cbb71f1134e98ae00494a7a79bb3cb7901969cf600ce,sequential,0,0,2,0:2,0:2
75008,64,0,1,65535,1,245,2,6081165.0,6067896.0,6121320.0,1.0,100.0,4094715166720,14403008,1472,75008,SpacingDoubles,1004be3af5f56123d5f56e1c1f106c42e148d09e52e3da68d4c8d9a436aa5d3e,sequential,1472,0,2,0:2,0:2
65600,0,0,1,65535,0,246,2,1432441.0,1418533.0,1452019.0,1.0,100.0,3865739722752,12792000,0,65600,EntityData,25ca30a97437cdd9d7a413737050d2561c3bde235fd922d7d53dfba70d996b83,sequential,0,0,2,0:2,0:2
65536,64,0,0,65535,0,247,2,437983.0,430284.0,448482.0,1.0,100.0,5112353980416,12782848,3328,65536,EntityData,67680f90c6987605b76438a85837c4e0048e341323206b1967dd32bcb46027d4,sequential,3328,0,2,0:2,0:2
75008,64,0,1,65535,2,248,2,19112727.0,19073597.0,19237231.0,1.0,100.0,5201474551808,13504064,2624,75008,SpacingMixedWidths,05dd539351809feeff659f1528354aa929f17975b0bbe540f8207e118a795b03,sequential,2624,0,2,0:2,0:2
131072,192,0,0,65535,3,249,2,2084692.0,2073172.0,2099029.0,1.0,100.0,5308613132288,141560576,2816,131072,SpacingAligned,a087e2f07a100609091ee83ed2155be5ee9c5e1818487c8c303824fd1fa9236e,sequential,2816,0,2,0:2,0:2
100032,64,0,1,65535,0,250,2,1409917.0,1396241.0,1427410.0,1.0,100.0,3750849347584,19509568,3328,100032,EntityData,2e4c5af444c31cefde0c331b1081e87f36177b6885427cbb66189b4abf7ff063,sequential,3328,0,2,0:2,0:2
131072,0,0,0,65535,3,251,2,2085371.0,2073446.0,2100666.0,1.0,100.0,3279777955840,141557760,0,131072,SpacingAligned,32372e5044f7e72d3b5235ce8728f8ec0e8916a68d79f5a9067919e4720a9fd5,sequential,0,0,2,0:2,0:2
65536,192,0,1,65535,2,252,2,19123941.0,19098507.0,19149062.0,1.0,100.0,3055601516544,11804352,7872,65536,SpacingMixedWidths,bc058495a7bec66734ee3446e056ecffdec75def6fec55e66c1890491df2e6b0,sequential,7872,0,2,0:2,0:2
100032,0,1,1,65535,0,253,2,1427388.0,1413901.0,1444745.0,1.0,100.0,3271423623168,19506240,0,100032,EntityData,36dde4095b4ac1649c44744a7767196705ff15a85de86c7acaa4b17ba255290d,generated-blocks,,0,2,0:2,0:2
75008,64,0,0,65535,3,254,2,1926701.0,1913439.0,1945492.0,1.0,100.0,3638139289600,81009920,1280,75008,SpacingAligned,3db1ebee56aeb8d7ed0a4a13d289bc3f5ceed6c1824c0655dbf6000822bced39,sequential,1280,0,2,0:2,0:2
65536,0,1,0,65535,0,255,2,454660.0,447225.0,465692.0,1.0,100.0,5876589723648,12779520,0,65536,EntityData,bcb3a6cfd69d90dc510468b1d8b6e34e70f2aa7dbed6cc6021dcca8245b6b558,generated-blocks,,0,2,0:2,0:2
65536,192,0,1,65535,1,256,2,6187907.0,6165380.0,6231453.0,1.0,100.0,5197984890880,12587328,4416,65536,SpacingDoubles,651e93e5e6887e0d20e82d22a7691475c12d3e2d0c1e75f9dba0d49acca3a08e,sequential,4416,0,2,0:2,0:2
65536,0,2,0,65535,0,257,2,450723.0,443937.0,459948.0,1.0,100.0,0,12779520,,65536,EntityData,separate-arrays,TArray,,0,2,0:2,0:2
65536,0,0,1,65535,2,258,2,19546045.0,19521226.0,19572725.0,1.0,100.0,2918430998528,11796480,0,65536,SpacingMixedWidths,823fc9c67bc9802bfa9bf7ac0e3e495da693525001742f7590fe9e8b37f3d502,sequential,0,0,2,0:2,0:2
65536,192,0,0,65535,2,259,2,2866982.0,2851603.0,2885827.0,1.0,100.0,5545340370944,11804352,7872,65536,SpacingMixedWidths,bc058495a7bec66734ee3446e056ecffdec75def6fec55e66c1890491df2e6b0,sequential,7872,0,2,0:2,0:2
131072,192,0,1,65535,2,260,2,19126100.0,19100172.0,19151645.0,1.0,100.0,2649458671616,23600832,7872,131072,SpacingMixedWidths,33ff3b7b3dce6c63644c060e613be345b998af756ff567a0592129b683d7a115,sequential,7872,0,2,0:2,0:2
131072,64,0,0,65535,2,261,2,2864000.0,2848651.0,2883767.0,1.0,100.0,6178579611648,23595584,2624,131072,SpacingMixedWidths,e2f251cca1b44ec0fb84704536321919fef894fe7885d34a8154e0c5eeaa6353,sequential,2624,0,2,0:2,0:2
65600,64,0,1,65535,0,262,2,1406717.0,1393277.0,1423756.0,1.0,100.0,6559221088256,12795328,3328,65600,EntityData,5ab1ef25bc4aa0c87e894c34bb7b597f2b9e23f98e207e2fff207b6e126014e0,sequential,3328,0,2,0:2,0:2
75008,192,0,0,65535,0,263,2,437290.0,430161.0,446901.0,1.0,100.0,2429073162240,14636544,9984,75008,EntityData,6153efde23579659bfcdfcdfee76fb7ec5ff3b4182a178e6c86246d980f85b5c,sequential,9984,0,2,0:2,0:2
65536,192,0,1,65535,0,264,2,1408508.0,1394384.0,1426789.0,1.0,100.0,4744597405696,12789504,9984,65536,EntityData,cd80c443f151b87327574f332a83bf153260b4de10bcd5811bb1061e857e8335,sequential,9984,0,2,0:2,0:2
131072,0,0,1,65535,1,265,2,11402027.0,11392856.0,11410594.0,1.0,100.0,4114579390464,25165824,0,131072,SpacingDoubles,e7e9c7a70ea87fa46966e3ea2d5a377aef59ded056c2d1680f9e7b1789b85f83,sequential,0,0,2,0:2,0:2
100032,64,0,0,65535,0,266,2,440321.0,432572.0,450314.0,1.0,100.0,2387197231104,19509568,3328,100032,EntityData,2e4c5af444c31cefde0c331b1081e87f36177b6885427cbb66189b4abf7ff063,sequential,3328,0,2,0:2,0:2
65536,0,0,0,65535,1,267,2,1589726.0,1575279.0,1609657.0,1.0,100.0,3979556356096,12582912,0,65536,SpacingDoubles,84ef08df3d68d2c6e99ca7856f527abcf0f2a4fda49c3ebfcbfc6e7a74a95b20,sequential,0,0,2,0:2,0:2
75008,192,0,0,65535,2,268,2,2860360.0,2846210.0,2878681.0,1.0,100.0,3841580531712,13509312,7872,75008,SpacingMixedWidths,d27bcf064d3259430b9c898e10c1706e1061b1e2d83ce3b828bac4ed72e97563,sequential,7872,0,2,0:2,0:2
75008,0,0,1,65535,1,269,2,6264606.0,6241031.0,6313570.0,1.0,100.0,5767336493056,14401536,0,75008,SpacingDoubles,6b0a82c2f05a9c661d9287e953947f6cf0566f94ad61f708418a28d05c9165fb,sequential,0,0,2,0:2,0:2
75008,0,1,0,65535,0,270,2,441279.0,433757.0,451282.0,1.0,100.0,2544231972864,14626560,0,75008,EntityData,01c47a39851c7b9c284ee6d77c16943e1a2bd9058ebdc31e5bd779fc434fee25,generated-blocks,,0,2,0:2,0:2
65536,192,0,0,65535,3,271,2,1935220.0,1920676.0,1954728.0,1.0,100.0,3716522442752,70781696,2816,65536,SpacingAligned,0a99ec47e2daa1a3900cf8199331623ddfcce64a5ef985d6ed513e4b4c2da9b0,sequential,2816,0,2,0:2,0:2
65600,192,0,0,65535,0,272,2,440062.0,433108.0,448530.0,1.0,100.0,5114769899520,12801984,9984,65600,EntityData,f0ceb346f04150235393fdb1be3e7da3d23024673d9c58e1351606fcb8ed79b5,sequential,9984,0,2,0:2,0:2
100032,0,0,1,65535,0,273,2,1429485.0,1416521.0,1447273.0,1.0,100.0,3700115046400,19506240,0,100032,EntityData,36dde4095b4ac1649c44744a7767196705ff15a85de86c7acaa4b17ba255290d,sequential,0,0,2,0:2,0:2
75008,192,0,1,65535,1,274,2,6180178.0,6159700.0,6214001.0,1.0,100.0,5078531112960,14405952,4416,75008,SpacingDoubles,2683b9e0044a7bc4263486a0e906f67cb0288607fc269d1ec7e3203ad11dba2e,sequential,4416,0,2,0:2,0:2
75008,0,1,1,65535,0,275,2,1442147.0,1429134.0,1461028.0,1.0,100.0,4100352311296,14626560,0,75008,EntityData,01c47a39851c7b9c284ee6d77c16943e1a2bd9058ebdc31e5bd779fc434fee25,generated-blocks,,0,2,0:2,0:2
75008,64,0,1,65535,0,276,2,1409005.0,1395431.0,1426535.0,1.0,100.0,4962566995968,14629888,3328,75008,EntityData,bc2c649030a04f2bb93647001e3773c6d2bd952ac54c710ca8e92f2d8d2af5a8,sequential,3328,0,2,0:2,0:2
65536,0,1,1,65535,0,277,2,7267003.0,7249940.0,7283439.0,1.0,100.0,2566512115712,12779520,0,65536,EntityData,bcb3a6cfd69d90dc510468b1d8b6e34e70f2aa7dbed6cc6021dcca8245b6b558,generated-blocks,,0,2,0:2,0:2
65536,0,0,0,65535,3,278,2,1931283.0,1915439.0,1953384.0,1.0,100.0,4823281827840,70778880,0,65536,SpacingAligned,338c71335dd48adf8238e47637756c26155e914fb6a986154db9c4ca1fa411c3,sequential,0,0,2,0:2,0:2
131072,0,0,1,65535,0,279,2,7364995.0,7348507.0,7381220.0,1.0,100.0,5934840217600,25559040,0,131072,EntityData,f1c3e3dff5800203263451b0fb571291498336b4c010846051040461e3bcb3ac,sequential,0,0,2,0:2,0:2
75008,192,0,1,65535,3,280,2,5685296.0,5661594.0,5730499.0,1.0,100.0,3658808819712,81011456,2816,75008,SpacingAligned,545f9e8359bc0a079c02df71d5feff2d453b610a6eec87ea3c3c6611c145cfaf,sequential,2816,0,2,0:2,0:2
131072,64,0,0,65535,3,281,2,2677627.0,2665774.0,2692062.0,1.0,100.0,3006242226176,141559040,1280,131072,SpacingAligned,a9738a9547b60d1e94396fc01e7fe231dc85fbf8b6ddf37343fb9e5b8d069d44,sequential,1280,0,2,0:2,0:2
75008,64,0,0,65535,0,282,2,432919.0,426477.0,441820.0,1.0,100.0,3506573082624,14629888,3328,75008,EntityData,bc2c649030a04f2bb93647001e3773c6d2bd952ac54c710ca8e92f2d8d2af5a8,sequential,3328,0,2,0:2,0:2
131072,0,1,1,65535,0,283,2,7393223.0,7375821.0,7411585.0,1.0,100.0,3761855201280,25559040,0,131072,EntityData,f1c3e3dff5800203263451b0fb571291498336b4c010846051040461e3bcb3ac,generated-blocks,,0,2,0:2,0:2
131072,0,0,0,65535,0,284,2,458324.0,451349.0,469020.0,1.0,100.0,5312875266048,25559040,0,131072,EntityData,f1c3e3dff5800203263451b0fb571291498336b4c010846051040461e3bcb3ac,sequential,0,0,2,0:2,0:2
131072,0,0,1,65535,3,285,2,5698168.0,5670192.0,5755994.0,1.0,100.0,4654435926016,141557760,0,131072,SpacingAligned,32372e5044f7e72d3b5235ce8728f8ec0e8916a68d79f5a9067919e4720a9fd5,sequential,0,0,2,0:2,0:2
75008,0,0,0,65535,2,286,2,2869794.0,2854818.0,2888937.0,1.0,100.0,5179999715328,13501440,0,75008,SpacingMixedWidths,08d0c4171860c9ab0b31f49d80c8db6778a09e5530670d44739d8d64041a3ba9,sequential,0,0,2,0:2,0:2
131072,0,0,0,65535,1,287,2,2730271.0,2714774.0,2745331.0,1.0,100.0,2575370485760,25165824,0,131072,SpacingDoubles,e7e9c7a70ea87fa46966e3ea2d5a377aef59ded056c2d1680f9e7b1789b85f83,sequential,0,0,2,0:2,0:2
75008,192,0,1,65535,0,288,2,1408124.0,1394852.0,1424932.0,1.0,100.0,3770445135872,14636544,9984,75008,EntityData,6153efde23579659bfcdfcdfee76fb7ec5ff3b4182a178e6c86246d980f85b5c,sequential,9984,0,2,0:2,0:2
